	GenName	GenID	OrganismName	Taxonomy	Strand	TTT	TTC	TTA	TTG	TCT	TCC	TCA	TCG	TAT	TAC	TGT	TGC	TGA	TGG	CTT	CTC	CTA	CTG	CCT	CCC	CCA	CCG	CAT	CAC	CAA	CAG	CGT	CGC	CGA	CGG	ATT	ATC	ATA	ATG	ACT	ACC	ACA	ACG	AAT	AAC	AAA	AAG	AGT	AGC	AGA	AGG	GTT	GTC	GTA	GTG	GCT	GCC	GCA	GCG	GAT	GAC	GAA	GAG	GGT	GGC	GGA	GGG	TAA	TAG
0	COX1	YP_009346418.1	Longidorus vineacola	Eukaryota, Metazoa, Ecdysozoa, Nematoda, Enoplea, Dorylaimia, Dorylaimida, Dorylaimina, Longidoroidea, Longidoridae, Longidorus	1	1.0833333333333333	0.9166666666666666	2.2941176470588234	0.35294117647058826	1.3333333333333333	1.037037037037037	0.8888888888888888	0.0	1.0	1.0	0.6666666666666666	1.3333333333333333	1.8888888888888888	0.1111111111111111	0.9705882352941176	0.6176470588235294	1.588235294117647	0.17647058823529413	1.9130434782608696	1.0434782608695652	0.8695652173913043	0.17391304347826086	0.8235294117647058	1.1764705882352942	2.0	0.0	0.5714285714285714	0.0	3.4285714285714284	0.0	1.4074074074074074	0.5925925925925926	1.6428571428571428	0.35714285714285715	1.1612903225806452	0.9032258064516129	1.6774193548387097	0.25806451612903225	0.631578947368421	1.368421052631579	2.0	0.0	0.7407407407407407	1.1851851851851851	2.3703703703703702	0.4444444444444444	0.9777777777777777	0.17777777777777778	2.488888888888889	0.35555555555555557	2.0	0.625	0.875	0.5	1.0909090909090908	0.9090909090909091	1.3333333333333333	0.6666666666666666	0.5106382978723404	0.3404255319148936	2.297872340425532	0.851063829787234	1.0	0.0
1	ND4	YP_009346419.1	Longidorus vineacola	Eukaryota, Metazoa, Ecdysozoa, Nematoda, Enoplea, Dorylaimia, Dorylaimida, Dorylaimina, Longidoroidea, Longidoridae, Longidorus	1	1.1304347826086956	0.8695652173913043	2.230769230769231	0.46153846153846156	1.3333333333333333	0.7407407407407407	1.037037037037037	0.2962962962962963	0.9333333333333333	1.0666666666666667	0.8	1.2	1.2727272727272727	0.7272727272727273	0.6923076923076923	0.6153846153846154	1.6923076923076923	0.3076923076923077	1.8461538461538463	0.6153846153846154	1.2307692307692308	0.3076923076923077	0.8571428571428571	1.1428571428571428	1.6	0.4	0.0	0.0	4.0	0.0	1.391304347826087	0.6086956521739131	1.7037037037037037	0.2962962962962963	1.6	1.28	0.8	0.32	1.0	1.0	1.4285714285714286	0.5714285714285714	0.4444444444444444	0.7407407407407407	2.6666666666666665	0.7407407407407407	1.2	0.4	1.2	1.2	1.8461538461538463	1.3846153846153846	0.6153846153846154	0.15384615384615385	0.8	1.2	1.6	0.4	0.4	0.0	1.8	1.8	1.0	0.0
2	ATP6	YP_009346420.1	Longidorus vineacola	Eukaryota, Metazoa, Ecdysozoa, Nematoda, Enoplea, Dorylaimia, Dorylaimida, Dorylaimina, Longidoroidea, Longidoridae, Longidorus	1	1.4285714285714286	0.5714285714285714	3.2432432432432434	0.8108108108108109	1.28	0.32	0.96	0.0	1.4285714285714286	0.5714285714285714	2.0	0.0	1.0	1.0	0.8108108108108109	0.32432432432432434	0.6486486486486487	0.16216216216216217	1.5	0.5	2.0	0.0	2.0	0.0	2.0	0.0	0.0	0.0	0.0	4.0	1.1111111111111112	0.8888888888888888	0.9473684210526315	1.0526315789473684	2.5714285714285716	0.2857142857142857	0.8571428571428571	0.2857142857142857	2.0	0.0	2.0	0.0	2.88	0.0	1.6	0.96	0.7407407407407407	0.2962962962962963	1.9259259259259258	1.037037037037037	1.4545454545454546	0.36363636363636365	1.0909090909090908	1.0909090909090908	2.0	0.0	1.3333333333333333	0.6666666666666666	0.5714285714285714	0.0	1.1428571428571428	2.2857142857142856	1.0	0.0
3	COX2	YP_009346421.1	Longidorus vineacola	Eukaryota, Metazoa, Ecdysozoa, Nematoda, Enoplea, Dorylaimia, Dorylaimida, Dorylaimina, Longidoroidea, Longidoridae, Longidorus	-1	1.0	1.0	2.918918918918919	0.32432432432432434	2.3225806451612905	0.5161290322580645	0.7741935483870968	0.0	2.0	0.0	0.8	1.2	2.0	0.0	0.6486486486486487	0.32432432432432434	1.6216216216216217	0.16216216216216217	2.0	0.0	1.6666666666666667	0.3333333333333333	1.6	0.4	1.5	0.5	0.0	0.0	4.0	0.0	1.3846153846153846	0.6153846153846154	1.7142857142857142	0.2857142857142857	2.857142857142857	0.8571428571428571	0.0	0.2857142857142857	0.8888888888888888	1.1111111111111112	1.5	0.5	0.5161290322580645	0.7741935483870968	2.064516129032258	1.032258064516129	1.3333333333333333	1.0666666666666667	1.0666666666666667	0.5333333333333333	1.0	1.5	0.5	1.0	1.5	0.5	1.6	0.4	1.6	0.4	1.6	0.4	1.0	0.0
4	COX3	YP_009346422.1	Longidorus vineacola	Eukaryota, Metazoa, Ecdysozoa, Nematoda, Enoplea, Dorylaimia, Dorylaimida, Dorylaimina, Longidoroidea, Longidoridae, Longidorus	-1	1.2666666666666666	0.7333333333333333	2.2941176470588234	0.17647058823529413	0.27586206896551724	1.9310344827586208	0.8275862068965517	0.27586206896551724	1.25	0.75	2.0	0.0	1.5	0.5	0.8823529411764706	0.7058823529411765	1.7647058823529411	0.17647058823529413	2.2857142857142856	1.1428571428571428	0.0	0.5714285714285714	1.5	0.5	1.6	0.4	0.0	0.0	2.6666666666666665	1.3333333333333333	1.25	0.75	1.8181818181818181	0.18181818181818182	1.411764705882353	0.47058823529411764	1.6470588235294117	0.47058823529411764	0.6666666666666666	1.3333333333333333	1.2	0.8	1.103448275862069	0.27586206896551724	1.6551724137931034	1.6551724137931034	0.2	0.6	2.6	0.6	2.0	1.0	1.0	0.0	1.3333333333333333	0.6666666666666666	1.3333333333333333	0.6666666666666666	0.4	0.6	1.4	1.6	1.0	0.0
5	ND2	YP_009346423.1	Longidorus vineacola	Eukaryota, Metazoa, Ecdysozoa, Nematoda, Enoplea, Dorylaimia, Dorylaimida, Dorylaimina, Longidoroidea, Longidoridae, Longidorus	-1	1.2380952380952381	0.7619047619047619	3.0	0.20689655172413793	1.411764705882353	0.7058823529411765	0.47058823529411764	0.0	1.5	0.5	2.0	0.0	1.6666666666666667	0.3333333333333333	0.5172413793103449	0.20689655172413793	1.6551724137931034	0.41379310344827586	1.0	1.0	2.0	0.0	1.2	0.8	0.6666666666666666	1.3333333333333333	0.0	0.0	0.0	0.0	1.4736842105263157	0.5263157894736842	1.5238095238095237	0.47619047619047616	1.1764705882352942	1.1764705882352942	1.1764705882352942	0.47058823529411764	0.8	1.2	1.6666666666666667	0.3333333333333333	1.1764705882352942	1.1764705882352942	2.1176470588235294	0.9411764705882353	0.9230769230769231	0.7692307692307693	1.8461538461538463	0.46153846153846156	0.7272727272727273	1.4545454545454546	1.8181818181818181	0.0	0.0	0.0	1.5	0.5	0.0	0.0	2.0	2.0	1.0	0.0
6	ND1	YP_009346424.1	Longidorus vineacola	Eukaryota, Metazoa, Ecdysozoa, Nematoda, Enoplea, Dorylaimia, Dorylaimida, Dorylaimina, Longidoroidea, Longidoridae, Longidorus	1	1.0434782608695652	0.9565217391304348	2.6470588235294117	0.7058823529411765	2.4827586206896552	0.27586206896551724	0.27586206896551724	0.27586206896551724	0.8	1.2	2.0	0.0	1.3333333333333333	0.6666666666666666	0.7941176470588235	0.6176470588235294	0.7941176470588235	0.4411764705882353	1.2	0.4	2.0	0.4	2.0	0.0	1.6666666666666667	0.3333333333333333	1.1428571428571428	0.0	2.2857142857142856	0.5714285714285714	1.5789473684210527	0.42105263157894735	1.4	0.6	2.2222222222222223	0.8888888888888888	0.8888888888888888	0.0	1.2	0.8	1.3333333333333333	0.6666666666666666	0.8275862068965517	0.5517241379310345	1.6551724137931034	1.6551724137931034	1.391304347826087	0.34782608695652173	1.7391304347826086	0.5217391304347826	1.4285714285714286	0.2857142857142857	2.0	0.2857142857142857	2.0	0.0	1.5	0.5	0.34782608695652173	0.6956521739130435	0.6956521739130435	2.260869565217391	0.0	0.0
7	ND6	YP_009346425.1	Longidorus vineacola	Eukaryota, Metazoa, Ecdysozoa, Nematoda, Enoplea, Dorylaimia, Dorylaimida, Dorylaimina, Longidoroidea, Longidoridae, Longidorus	-1	1.375	0.625	2.727272727272727	1.0909090909090908	2.962962962962963	0.2962962962962963	0.2962962962962963	0.0	2.0	0.0	2.0	0.0	2.0	0.0	0.9090909090909091	0.18181818181818182	0.7272727272727273	0.36363636363636365	0.0	2.0	0.0	2.0	0.0	0.0	0.6666666666666666	1.3333333333333333	0.0	2.0	0.0	2.0	1.0	1.0	1.4	0.6	2.6666666666666665	1.3333333333333333	0.0	0.0	1.5	0.5	1.0	1.0	1.4814814814814814	0.2962962962962963	1.4814814814814814	1.1851851851851851	1.894736842105263	0.21052631578947367	0.8421052631578947	1.0526315789473684	1.3333333333333333	2.6666666666666665	0.0	0.0	0.0	0.0	0.4	1.6	0.0	0.6666666666666666	2.0	1.3333333333333333	0.0	1.0
8	ND5	YP_009346426.1	Longidorus vineacola	Eukaryota, Metazoa, Ecdysozoa, Nematoda, Enoplea, Dorylaimia, Dorylaimida, Dorylaimina, Longidoroidea, Longidoridae, Longidorus	-1	1.5757575757575757	0.42424242424242425	3.1401869158878504	0.7850467289719626	2.1265822784810124	0.3037974683544304	0.7088607594936709	0.20253164556962025	1.3846153846153846	0.6153846153846154	0.6666666666666666	1.3333333333333333	0.8888888888888888	1.1111111111111112	0.5607476635514018	0.3364485981308411	0.9532710280373832	0.22429906542056074	2.4	0.8	0.8	0.0	1.5	0.5	1.5	0.5	0.0	0.8	1.6	1.6	1.4	0.6	1.6666666666666667	0.3333333333333333	1.9259259259259258	0.7407407407407407	0.8888888888888888	0.4444444444444444	1.5555555555555556	0.4444444444444444	1.0769230769230769	0.9230769230769231	1.0126582278481013	0.20253164556962025	2.329113924050633	1.1139240506329113	0.6545454545454545	0.6545454545454545	1.9636363636363636	0.7272727272727273	2.2666666666666666	0.5333333333333333	0.9333333333333333	0.26666666666666666	0.8	1.2	1.1111111111111112	0.8888888888888888	0.717948717948718	0.3076923076923077	1.1282051282051282	1.8461538461538463	1.0	0.0
9	CYTB	YP_009346427.1	Longidorus vineacola	Eukaryota, Metazoa, Ecdysozoa, Nematoda, Enoplea, Dorylaimia, Dorylaimida, Dorylaimina, Longidoroidea, Longidoridae, Longidorus	1	1.04	0.96	1.6551724137931034	0.41379310344827586	1.2727272727272727	1.0909090909090908	0.7272727272727273	0.5454545454545454	0.8888888888888888	1.1111111111111112	1.0	1.0	1.875	0.125	1.5517241379310345	0.41379310344827586	1.4482758620689655	0.5172413793103449	1.2307692307692308	1.2307692307692308	1.2307692307692308	0.3076923076923077	1.1111111111111112	0.8888888888888888	1.5	0.5	1.0	0.0	2.0	1.0	1.619047619047619	0.38095238095238093	1.5238095238095237	0.47619047619047616	1.8823529411764706	0.7058823529411765	1.1764705882352942	0.23529411764705882	0.25	1.75	1.4545454545454546	0.5454545454545454	1.2727272727272727	0.5454545454545454	2.3636363636363638	0.18181818181818182	0.6451612903225806	0.6451612903225806	1.8064516129032258	0.9032258064516129	1.4545454545454546	0.9090909090909091	1.6363636363636365	0.0	0.6666666666666666	1.3333333333333333	1.1428571428571428	0.8571428571428571	0.8	0.64	1.44	1.12	1.0	0.0
10	ND4L	YP_009346428.1	Longidorus vineacola	Eukaryota, Metazoa, Ecdysozoa, Nematoda, Enoplea, Dorylaimia, Dorylaimida, Dorylaimina, Longidoroidea, Longidoridae, Longidorus	1	0.0	2.0	2.3333333333333335	0.3333333333333333	0.6153846153846154	0.6153846153846154	1.2307692307692308	0.0	1.0	1.0	0.0	0.0	2.0	0.0	1.0	0.3333333333333333	1.0	1.0	0.0	4.0	0.0	0.0	0.0	0.0	2.0	0.0	0.0	0.0	0.0	0.0	1.1111111111111112	0.8888888888888888	1.6666666666666667	0.3333333333333333	1.4545454545454546	1.0909090909090908	1.4545454545454546	0.0	2.0	0.0	2.0	0.0	0.6153846153846154	1.2307692307692308	1.8461538461538463	1.8461538461538463	0.6666666666666666	0.6666666666666666	2.0	0.6666666666666666	1.0	1.0	0.0	2.0	0.0	0.0	2.0	0.0	2.0	0.0	2.0	0.0	1.0	0.0
11	ND3	YP_009346429.1	Longidorus vineacola	Eukaryota, Metazoa, Ecdysozoa, Nematoda, Enoplea, Dorylaimia, Dorylaimida, Dorylaimina, Longidoroidea, Longidoridae, Longidorus	1	1.1428571428571428	0.8571428571428571	2.6666666666666665	0.3333333333333333	3.4285714285714284	0.5714285714285714	0.5714285714285714	0.0	2.0	0.0	0.0	0.0	2.0	0.0	0.0	0.3333333333333333	2.0	0.6666666666666666	2.0	2.0	0.0	0.0	0.0	0.0	1.0	1.0	0.0	0.0	0.0	0.0	0.8571428571428571	1.1428571428571428	1.4	0.6	2.6666666666666665	0.6666666666666666	0.0	0.6666666666666666	1.6	0.4	1.3333333333333333	0.6666666666666666	1.7142857142857142	0.5714285714285714	0.5714285714285714	0.5714285714285714	1.3333333333333333	0.0	1.3333333333333333	1.3333333333333333	0.0	1.5	1.5	1.0	2.0	0.0	0.5	1.5	1.0	0.0	2.0	1.0	1.0	0.0
