GenName;OrganismName;TTT;TTC;TTA;TTG;TCT;TCC;TCA;TCG;TAT;TAC;TGT;TGC;TGA;TGG;CTT;CTC;CTA;CTG;CCT;CCC;CCA;CCG;CAT;CAC;CAA;CAG;CGT;CGC;CGA;CGG;ATT;ATC;ATA;ATG;ACT;ACC;ACA;ACG;AAT;AAC;AAA;AAG;AGT;AGC;AGA;AGG;GTT;GTC;GTA;GTG;GCT;GCC;GCA;GCG;GAT;GAC;GAA;GAG;GGT;GGC;GGA;GGG;TAA;TAG;Gainers;Losers
COX1;Halicephalobus mephisto;45;1;45;19;24;0;2;0;26;0;5;0;10;3;8;0;3;0;18;1;1;0;14;1;4;1;8;0;0;0;38;2;22;8;28;0;1;0;20;0;9;2;25;0;4;0;32;0;3;0;19;0;1;0;16;0;4;3;46;0;2;0;1;0;0.19047619047619047;0.40190476190476193
COX2;Halicephalobus mephisto;20;1;23;8;9;0;0;1;12;0;8;0;5;0;2;0;1;0;5;0;1;0;4;0;6;1;3;0;0;0;20;0;10;2;5;0;1;0;12;1;8;0;14;0;3;0;9;0;3;0;4;0;1;0;10;0;8;1;7;2;1;0;1;0;0.1888412017167382;0.37339055793991416
ND3;Halicephalobus mephisto;22;1;10;7;5;0;0;0;6;0;0;0;2;0;1;0;0;0;0;0;0;0;2;0;0;0;0;0;0;0;14;1;7;1;0;0;0;0;5;0;4;0;5;1;0;0;5;0;1;0;0;0;0;0;1;0;3;1;5;0;0;0;1;0;0.0990990990990991;0.4774774774774775
ND5;Halicephalobus mephisto;123;0;45;21;21;0;1;0;25;1;11;1;4;5;13;0;1;0;9;0;0;0;6;0;7;0;3;0;0;0;30;2;8;10;16;0;1;0;28;0;13;0;30;1;10;1;22;1;2;0;10;0;0;0;9;0;4;2;15;2;0;1;1;0;0.15503875968992248;0.4903100775193798
ND6;Halicephalobus mephisto;34;0;13;5;6;2;0;1;11;0;3;1;1;1;3;0;0;0;1;1;0;0;0;0;1;0;1;0;0;0;16;0;4;2;1;0;0;0;7;0;4;0;6;0;2;0;5;0;0;0;1;0;0;0;2;0;0;0;4;0;0;0;1;0;0.10714285714285714;0.4785714285714286
ND4L;Halicephalobus mephisto;17;0;11;1;6;0;0;0;2;0;0;1;0;1;0;0;1;1;0;0;0;0;0;0;1;0;1;0;0;0;8;0;4;0;1;0;0;0;3;0;2;0;2;0;2;0;8;0;0;0;0;0;0;0;1;0;1;0;0;1;1;0;1;0;0.08974358974358974;0.5256410256410257
ND1;Halicephalobus mephisto;52;2;27;15;16;1;0;0;13;0;5;1;2;0;4;0;1;0;5;1;0;0;1;0;3;2;7;0;0;0;24;0;9;1;5;0;0;0;9;0;6;2;13;0;4;0;19;0;4;1;9;0;0;0;3;0;9;2;11;0;1;0;1;0;0.11683848797250859;0.48109965635738833
ATP6;Halicephalobus mephisto;27;1;19;5;8;0;1;1;12;0;5;0;2;0;2;1;0;0;3;0;0;0;1;0;3;0;3;0;0;0;23;0;7;4;5;1;1;0;8;1;6;1;10;1;2;0;8;0;3;1;6;1;0;0;3;0;7;1;6;0;0;0;1;0;0.14925373134328357;0.38308457711442784
ND2;Halicephalobus mephisto;64;0;22;8;8;0;1;0;23;4;2;0;5;1;7;0;1;0;2;0;2;0;2;0;1;3;0;0;0;0;31;0;17;8;5;1;1;0;20;0;8;1;5;0;1;0;19;1;1;1;1;0;0;0;2;0;1;2;7;0;4;0;1;0;0.1564625850340136;0.45918367346938777
CYTB;Halicephalobus mephisto;66;0;29;12;10;0;0;0;20;0;2;0;12;2;6;0;1;1;11;0;1;0;8;0;5;0;4;0;0;0;30;2;11;4;8;0;1;0;13;0;7;3;19;2;3;0;26;0;5;0;12;0;1;1;7;0;5;1;16;1;0;0;1;0;0.15447154471544716;0.4634146341463415
COX3;Halicephalobus mephisto;43;1;27;6;8;1;0;0;12;0;4;0;5;3;4;0;1;1;5;0;0;0;11;0;0;1;2;0;0;0;18;0;5;5;10;0;0;0;8;1;5;0;10;0;3;0;18;0;3;1;8;0;0;0;7;0;4;2;18;1;0;0;0;1;0.155893536121673;0.49429657794676807
ND4;Halicephalobus mephisto;80;1;42;9;27;1;2;0;24;2;4;0;7;0;7;0;0;0;5;0;1;1;5;1;2;1;1;0;0;1;42;0;24;3;11;0;1;0;17;0;7;1;12;0;4;1;13;0;3;2;13;0;1;0;4;0;8;0;16;2;2;0;0;1;0.12864077669902912;0.4393203883495146
COX1;Halicephalobus mephisto;0,409090909;;;0,172727273;0,923076923;;;0;1;;0,277777778;;;0,166666667;0,727272727;;;0;0,9;;;0;0,7;;;0,05;1;;;0;0,542857143;;;0,114285714;0,965517241;;;0;0,64516129;;;0,064516129;0,862068966;;;0;0,914285714;;;0;0,95;;;0;0,695652174;;;0,130434783;0,958333333;;;0;;;0.19047619047619047;0.40190476190476193
COX2;Halicephalobus mephisto;0,384615385;;;0,153846154;0,9;;;0,1;1;;0,615384615;;;0;0,666666667;;;0;0,833333333;;;0;0,363636364;;;0,090909091;1;;;0;0,625;;;0,0625;0,833333333;;;0;0,571428571;;;0;0,823529412;;;0;0,75;;;0;0,8;;;0;0,526315789;;;0,052631579;0,7;;;0;;;0.1888412017167382;0.37339055793991416
ND3;Halicephalobus mephisto;0,55;;;0,175;1;;;0;1;;0;;;0;1;;;0;0;;;0;1;;;0;0;;;0;0,608695652;;;0,043478261;0;;;0;0,555555556;;;0;0,833333333;;;0;0,833333333;;;0;0;;;0;0,2;;;0,2;1;;;0;;;0.0990990990990991;0.4774774774774775
ND5;Halicephalobus mephisto;0,650793651;;;0,111111111;0,954545455;;;0;0,961538462;;0,523809524;;;0,238095238;0,928571429;;;0;1;;;0;0,461538462;;;0;1;;;0;0,6;;;0,2;0,941176471;;;0;0,682926829;;;0;0,714285714;;;0,023809524;0,88;;;0;1;;;0;0,6;;;0,133333333;0,833333333;;;0,055555556;;;0.15503875968992248;0.4903100775193798
ND6;Halicephalobus mephisto;0,653846154;;;0,096153846;0,666666667;;;0,111111111;1;;0,5;;;0,166666667;1;;;0;0,5;;;0;0;;;0;1;;;0;0,727272727;;;0,090909091;1;;;0;0,636363636;;;0;0,75;;;0;1;;;0;1;;;0;1;;;0;1;;;0;;;0.10714285714285714;0.4785714285714286
ND4L;Halicephalobus mephisto;0,586206897;;;0,034482759;1;;;0;1;;0;;;0,5;0;;;0,5;0;;;0;0;;;0;1;;;0;0,666666667;;;0;1;;;0;0,6;;;0;0,5;;;0;1;;;0;0;;;0;0,5;;;0;0;;;0;;;0.08974358974358974;0.5256410256410257
ND1;Halicephalobus mephisto;0,541666667;;;0,15625;0,941176471;;;0;1;;0,625;;;0;0,8;;;0;0,833333333;;;0;0,166666667;;;0,333333333;1;;;0;0,705882353;;;0,029411765;1;;;0;0,529411765;;;0,117647059;0,764705882;;;0;0,791666667;;;0,041666667;1;;;0;0,214285714;;;0,142857143;0,916666667;;;0;;;0.11683848797250859;0.48109965635738833
ATP6;Halicephalobus mephisto;0,519230769;;;0,096153846;0,8;;;0,1;1;;0,714285714;;;0;0,666666667;;;0;1;;;0;0,25;;;0;1;;;0;0,676470588;;;0,117647059;0,714285714;;;0;0,5;;;0,0625;0,769230769;;;0;0,666666667;;;0,083333333;0,857142857;;;0;0,272727273;;;0,090909091;1;;;0;;;0.14925373134328357;0.38308457711442784
ND2;Halicephalobus mephisto;0,680851064;;;0,085106383;0,888888889;;;0;0,851851852;;0,25;;;0,125;0,875;;;0;0,5;;;0;0,333333333;;;0,5;0;;;0;0,553571429;;;0,142857143;0,714285714;;;0;0,689655172;;;0,034482759;0,833333333;;;0;0,863636364;;;0,045454545;1;;;0;0,4;;;0,4;0,636363636;;;0;;;0.1564625850340136;0.45918367346938777
CYTB;Halicephalobus mephisto;0,61682243;;;0,112149533;1;;;0;1;;0,125;;;0,125;0,75;;;0,125;0,916666667;;;0;0,615384615;;;0;1;;;0;0,638297872;;;0,085106383;0,888888889;;;0;0,565217391;;;0,130434783;0,791666667;;;0;0,838709677;;;0;0,857142857;;;0,071428571;0,538461538;;;0,076923077;0,941176471;;;0;;;0.15447154471544716;0.4634146341463415
COX3;Halicephalobus mephisto;0,558441558;;;0,077922078;0,888888889;;;0;1;;0,333333333;;;0,25;0,666666667;;;0,166666667;1;;;0;0,916666667;;;0,083333333;1;;;0;0,642857143;;;0,178571429;1;;;0;0,571428571;;;0;0,769230769;;;0;0,818181818;;;0,045454545;1;;;0;0,538461538;;;0,153846154;0,947368421;;;0;;;0.155893536121673;0.49429657794676807
ND4;Halicephalobus mephisto;0,606060606;;;0,068181818;0,9;;;0;0,923076923;;0,363636364;;;0;1;;;0;0,714285714;;;0,142857143;0,555555556;;;0,111111111;0,5;;;0,5;0,608695652;;;0,043478261;0,916666667;;;0;0,68;;;0,04;0,705882353;;;0,058823529;0,722222222;;;0,111111111;0,928571429;;;0;0,333333333;;;0;0,8;;;0;;;0.12864077669902912;0.4393203883495146
