OrganismName;TTT;TTC;TTA;TTG;TCT;TCC;TCA;TCG;TAT;TAC;TGT;TGC;TGA;TGG;CTT;CTC;CTA;CTG;CCT;CCC;CCA;CCG;CAT;CAC;CAA;CAG;CGT;CGC;CGA;CGG;ATT;ATC;ATA;ATG;ACT;ACC;ACA;ACG;AAT;AAC;AAA;AAG;AGT;AGC;AGA;AGG;GTT;GTC;GTA;GTG;GCT;GCC;GCA;GCG;GAT;GAC;GAA;GAG;GGT;GGC;GGA;GGG;TAA;TAG;nnT;nnA;nnG;nnC;Group
Acanthocheilonema viteae;620;7;129;255;162;5;5;4;239;7;100;5;32;47;35;3;3;9;61;4;9;2;53;0;18;30;47;2;4;4;198;3;54;101;90;0;2;1;82;4;10;59;113;4;16;22;263;7;20;39;65;4;0;6;80;2;12;50;162;14;22;44;4;3;68.55655192363321;9.835117153601388;19.554527046572172;2.053803876193231;Other
Acrobeloides varius;358;34;379;87;125;1;45;8;183;13;26;3;75;5;48;11;25;6;51;4;21;0;62;4;36;10;20;3;11;1;254;10;182;63;91;2;28;5;134;10;55;38;98;8;93;16;145;9;83;22;54;3;21;2;24;1;61;25;100;7;68;19;8;4;52.177751618599174;35.05002942907593;9.152442613301941;3.6197763390229545;Other
Aelurostrongylus abstrusus;531;17;166;347;125;7;8;13;176;11;55;3;32;42;40;1;6;19;45;4;14;12;51;4;10;33;25;1;1;3;161;7;73;103;60;1;9;10;97;1;29;64;133;5;30;40;229;9;45;62;70;2;5;7;73;2;23;49;143;9;27;43;1;10;58.6488060570763;13.948747815958065;24.956319161327897;2.44612696563774;Other
Agamermis sp. BH-2006;293;33;325;50;101;21;74;6;102;28;21;4;87;5;41;1;35;6;43;2;28;3;50;9;30;8;7;2;18;0;295;28;235;34;58;14;40;3;167;18;93;14;40;5;74;3;59;5;51;18;37;5;22;0;39;3;46;13;53;4;57;13;8;0;47.070639437562775;40.94409106126549;5.8921995313023094;6.093069969869434;Other
Allodiplogaster sudhausi;400;11;388;113;105;6;28;6;171;14;43;1;48;23;32;0;19;9;56;8;10;3;43;16;34;9;27;0;3;1;246;11;236;22;83;5;34;2;121;20;69;25;131;8;88;23;136;3;77;33;64;4;20;1;60;5;44;30;97;1;37;42;10;1;53.132318501170964;33.51873536299766;10.040983606557377;3.307962529274005;Other
Ancylostoma caninum;400;2;296;161;81;0;27;9;152;4;38;0;48;16;3;0;3;1;49;1;14;8;47;2;20;20;27;0;0;2;226;3;120;67;62;1;26;16;123;2;61;37;112;1;64;22;140;4;69;29;64;0;18;7;57;3;33;37;145;0;16;12;6;3;57.20914816042426;27.21246271130262;14.816042426251244;0.762346702021876;Other
Ancylostoma ceylanicum;453;5;395;138;86;1;45;13;174;5;42;1;53;16;7;0;3;2;47;4;21;8;50;4;28;14;27;0;3;1;264;1;159;73;73;2;35;5;138;2;83;26;112;1;83;25;140;1;97;23;73;1;26;4;61;2;48;31;127;2;36;24;7;3;54.57192778101339;32.67326732673268;11.822947000582412;0.9318578916715201;Other
Ancylostoma duodenale;454;11;304;214;90;3;36;12;179;3;43;0;47;22;7;0;4;5;53;3;18;4;52;2;23;17;28;0;2;1;267;4;136;91;67;2;30;14;134;5;69;41;123;5;61;32;151;5;64;41;65;4;26;6;58;6;40;39;156;2;16;21;7;3;56.21353558926487;25.758459743290548;16.423570595099182;1.604434072345391;Other
Ancylostoma tubaeforme;457;8;351;170;87;3;50;8;179;2;43;0;44;24;7;0;3;2;52;7;16;6;50;4;23;18;29;0;1;1;263;6;148;82;66;4;32;12;138;4;75;32;124;1;75;21;157;4;68;27;65;5;25;7;61;2;47;31;155;2;16;17;6;4;56.40501896702656;28.596440035016045;13.481178873650423;1.517362124306974;Other
Angiostrongylus cantonensis;472;4;227;347;106;2;17;16;192;3;45;1;35;31;12;0;6;7;55;2;12;6;51;2;21;19;22;0;6;5;182;6;84;141;57;2;11;14;110;0;37;60;103;3;77;45;200;3;46;70;62;4;4;9;63;2;41;42;130;4;33;47;1;8;54.36496350364963;19.21167883211679;25.313868613138684;1.1094890510948905;Other
Angiostrongylus costaricensis;467;9;262;284;106;5;19;15;187;10;46;1;30;38;13;1;7;10;49;2;12;11;49;5;14;26;23;0;5;3;194;5;111;113;58;1;17;9;93;5;48;50;113;4;72;53;151;6;82;71;59;6;13;12;66;1;29;48;119;7;27;62;4;5;52.38095238095239;21.9690330119778;23.66345311130587;1.98656149576395;Other
Angiostrongylus mackerrasae;478;1;240;338;109;2;20;16;190;7;43;2;44;21;12;0;4;9;56;1;13;4;53;1;17;22;24;0;5;2;201;4;104;118;65;0;10;13;100;1;51;51;110;1;73;58;167;2;60;67;60;1;9;5;68;2;51;27;126;3;37;37;5;4;54.36496350364963;21.693430656934307;23.124087591240876;0.8175182481751826;Other
Angiostrongylus malaysiensis;464;8;300;271;106;0;20;12;197;6;44;0;46;19;12;0;8;8;54;2;15;5;51;2;19;20;19;2;4;6;212;4;136;88;60;2;14;13;108;1;58;43;117;1;82;41;159;5;70;56;59;0;11;8;70;0;36;42;114;2;41;43;4;4;53.913551401869164;25.233644859813083;19.830607476635514;1.0221962616822429;Other
Angiostrongylus vasorum;449;6;136;427;104;1;11;20;187;3;70;5;29;57;12;0;2;8;43;4;8;16;49;4;5;33;24;0;2;6;148;5;68;147;53;0;9;15;87;2;22;70;111;3;39;87;174;4;52;136;56;6;3;22;67;2;16;64;115;2;25;81;3;7;51.1104617182934;12.56575102279369;34.95032144944477;1.3734658094681473;Other
Anisakis berlandi;456;25;150;209;144;3;11;9;151;13;54;1;30;44;115;7;17;32;69;2;6;8;55;5;18;25;25;1;1;4;205;22;63;115;98;8;11;8;109;13;49;50;110;8;33;40;202;18;37;52;94;16;4;9;63;8;28;54;118;22;7;52;5;2;60.41484078293894;13.730645632486125;20.829681565877888;5.024832018697049;Other
Anisakis pegreffii;455;28;156;215;136;13;6;10;139;25;50;5;26;47;119;0;13;26;73;3;4;5;55;5;16;27;27;0;1;3;219;12;53;127;101;8;12;5;109;13;51;48;118;4;26;41;193;21;40;51;93;19;3;9;61;10;23;59;117;28;10;44;5;1;60.3448275862069;13.004091174751608;20.981881940385737;5.669199298655757;Other
Anisakis simplex;454;27;157;216;136;12;7;10;139;26;50;5;23;50;120;1;12;24;74;3;5;4;54;4;17;27;27;0;1;3;219;13;52;127;97;10;13;5;106;16;52;47;115;5;26;42;191;23;41;51;91;22;3;8;59;12;23;59;121;25;9;45;5;2;59.976628688285125;13.029506281040023;21.034180543382995;5.959684487291849;Other
Aphelenchoides besseyi;630;37;285;123;153;7;27;6;159;22;33;2;50;17;108;11;36;10;53;5;11;1;51;4;23;19;26;0;6;1;185;13;110;30;75;7;22;3;103;12;49;36;108;5;63;24;156;12;41;11;58;4;11;1;58;11;36;32;106;5;34;28;5;4;61.11440426793124;23.977474807350326;10.254890337877889;4.653230586840546;Other
Ascaridia columbae;428;12;206;280;98;4;17;15;172;3;48;1;61;22;23;0;24;16;53;5;8;13;48;4;27;19;25;2;5;5;193;9;96;102;79;3;14;8;106;3;51;43;99;5;97;34;143;13;62;87;76;14;22;11;58;2;54;35;89;11;72;63;6;4;50.997652582159624;24.119718309859156;22.212441314553992;2.67018779342723;Other
Ascaridia galli;482;6;121;380;140;1;6;2;177;1;53;0;33;48;22;2;7;12;57;7;4;11;52;2;15;29;31;1;0;4;195;1;38;135;102;3;0;2;107;1;18;73;180;3;25;22;249;6;29;44;89;5;3;2;71;0;16;57;158;12;13;34;7;3;63.508360222939274;9.82692871809915;25.168671164564387;1.496039894397184;Other
Ascaris lumbricoides;484;11;132;311;144;3;7;8;154;15;59;1;22;53;57;0;3;9;72;0;4;7;53;1;15;28;30;0;1;2;200;8;45;131;88;7;5;8;108;5;34;59;124;7;27;34;266;7;36;67;89;8;4;3;71;6;24;52;145;4;16;42;2;8;62.58026853473439;11.004086398131932;23.992994746059544;2.422650321074139;Other
Ascaris ovis;482;11;135;309;144;3;6;9;155;15;59;1;22;53;58;0;3;9;71;1;4;7;53;1;15;28;30;0;1;2;203;7;43;134;88;8;5;8;108;5;34;61;125;7;26;34;266;7;37;65;88;8;4;3;71;6;24;51;145;4;14;43;2;7;62.60210035005834;10.939323220536757;24.00816802800467;2.4504084014002334;Other
Ascaris suum;435;9;126;259;124;3;6;9;129;14;56;0;20;42;48;0;4;5;53;0;1;9;37;1;14;23;24;0;1;1;166;9;39;108;59;5;8;5;94;4;26;57;102;4;26;30;223;8;36;63;72;4;4;1;56;5;22;45;106;4;18;29;2;7;61.51724137931035;12.172413793103448;23.896551724137932;2.413793103448276;Other
Baylisascaris procyonis;478;11;106;326;142;1;11;7;155;14;55;3;15;60;57;1;3;14;69;4;3;7;54;3;7;35;28;2;1;3;192;9;42;130;90;3;5;12;103;6;16;79;119;6;26;47;241;19;37;94;83;11;3;8;70;6;16;60;135;6;19;51;2;8;60.39661708953048;9.09886264216973;27.442403032954214;3.062117235345582;Other
Baylisascaris schroederi;481;14;86;342;131;5;9;15;140;27;50;6;16;60;47;1;6;23;64;5;2;12;55;2;3;41;31;0;0;4;179;12;33;134;86;10;4;10;102;7;18;75;100;5;24;61;250;14;21;116;81;11;5;9;70;5;12;64;124;13;23;63;2;8;58.06357538641003;7.699037620297462;30.242053076698745;3.9953339165937596;Other
Baylisascaris transfuga;477;13;103;325;128;10;7;17;151;20;55;5;20;57;48;2;11;16;65;5;2;11;51;4;4;40;28;2;0;4;180;12;30;137;85;7;4;11;97;14;22;72;103;6;25;58;252;13;30;106;81;11;4;13;69;5;21;57;124;9;23;57;1;9;58.15106445027705;8.9530475357247;28.871391076115486;4.024496937882764;Other
Brugia malayi;615;15;224;182;161;3;5;1;214;15;96;10;39;35;25;2;13;12;58;4;11;2;48;4;25;26;42;2;3;7;223;13;74;73;84;3;4;0;97;5;28;43;113;9;24;13;221;17;26;19;58;12;7;4;79;8;28;30;156;25;26;27;5;4;66.24240671102112;15.678333815446917;13.827017645357245;4.252241828174718;Other
Bunostomum phlebotomum;513;1;319;222;122;0;23;5;175;3;49;1;49;20;14;0;2;1;62;0;12;5;53;0;22;19;23;0;6;2;246;2;109;74;79;2;8;10;129;1;57;48;133;1;66;25;186;0;72;25;72;0;12;7;60;2;33;42;104;3;73;16;4;5;58.909303003791194;25.284339457567807;15.339749198016914;0.4666083406240887;Other
Bunostomum trigonocephalum;486;1;326;192;97;0;38;12;170;5;44;0;38;30;16;0;6;1;54;3;17;5;53;1;23;18;25;0;5;1;263;1;125;74;81;0;15;8;123;3;56;54;110;3;72;44;186;3;63;29;59;1;24;15;64;1;46;30;104;0;64;31;4;5;56.44690781796966;26.896149358226374;16.015169194865813;0.6417736289381564;Other
Bursaphelenchus mucronatus;670;6;504;32;96;3;24;0;165;3;35;2;56;5;22;0;4;0;50;2;17;0;45;0;35;4;21;2;9;1;310;1;132;9;80;0;16;0;153;2;99;3;114;2;96;5;110;1;81;3;67;1;9;0;64;2;62;8;89;0;56;8;9;2;61.37364250073378;35.48576460228941;2.348106838861168;0.7924860581156443;Other
Bursaphelenchus xylophilus;649;18;459;73;85;1;29;3;160;14;33;1;50;12;26;2;12;0;49;1;16;3;46;0;30;8;25;0;3;3;260;6;129;17;67;0;18;2;146;8;85;14;89;4;103;20;125;2;91;22;61;0;14;5;60;6;48;26;77;3;51;24;9;1;57.52056404230317;33.69565217391305;6.8448883666274964;1.9388954171562869;Other
Caenorhabditis afra;419;33;291;86;110;5;33;5;141;32;45;1;53;18;85;9;45;16;33;8;33;7;38;19;26;18;31;0;0;0;268;24;126;45;72;11;54;1;131;25;86;21;122;10;81;23;140;14;63;27;78;15;18;5;52;10;46;31;155;2;12;13;9;3;55.92775997669677;28.429944654820854;9.29216428779493;6.3501310806874445;Other
Caenorhabditis angaria;417;44;383;75;87;4;59;4;151;22;45;0;63;8;53;2;22;8;32;5;36;6;47;11;40;6;31;0;0;0;259;16;124;42;55;2;77;2;147;12;89;18;92;7;118;14;142;5;81;15;83;8;28;0;64;0;53;24;135;1;31;15;11;1;53.613053613053616;35.4020979020979;6.934731934731935;4.050116550116551;Other
Caenorhabditis brenneri;414;37;384;71;121;3;22;0;160;15;46;0;65;6;49;4;25;1;44;2;30;5;50;7;31;13;31;0;0;0;273;15;116;56;97;6;29;3;147;9;79;28;132;2;88;13;168;5;63;14;87;6;23;2;56;7;42;35;164;0;16;4;11;1;59.39411593358579;29.828138654238273;7.340518496941451;3.437226915234489;Other
Caenorhabditis castelli;426;34;375;68;90;4;53;5;165;8;44;1;64;7;60;1;32;7;36;5;32;7;43;15;35;11;31;0;0;0;249;23;126;42;60;2;68;6;147;10;90;17;94;2;111;26;136;8;82;20;74;6;37;2;62;2;57;20;118;2;39;23;11;1;53.467365967365964;35.31468531468531;7.634032634032634;3.583916083916084;Other
Caenorhabditis doughertyi;407;46;337;95;123;3;20;4;159;15;45;0;58;13;65;1;20;12;41;8;30;2;46;12;33;12;31;0;0;0;264;21;116;55;90;8;38;1;143;10;81;28;141;10;67;13;186;8;48;13;88;6;22;1;58;4;42;36;149;2;25;9;9;3;59.306728808622196;27.55607340518497;8.65132537139528;4.485872414797553;Other
Caenorhabditis elegans;429;23;356;81;84;5;51;5;144;29;45;2;62;9;51;1;36;5;27;7;39;8;45;13;34;10;29;0;1;1;257;23;134;44;62;7;69;6;139;12;95;14;61;6;126;39;118;9;98;28;62;9;39;4;55;8;52;26;93;5;60;29;10;2;49.548499854354795;36.76085056801631;9.059131954558696;4.631517623070201;Selected
Caenorhabditis macrosperma;428;28;322;112;125;5;17;6;162;13;43;1;58;13;72;4;20;8;52;6;19;5;49;8;23;21;31;0;0;0;266;12;106;56;99;12;17;5;145;9;67;40;144;11;64;21;189;5;49;17;87;10;15;1;59;4;38;39;162;1;13;7;8;4;61.549665016020974;24.351878823186716;10.340809787357996;3.757646373434314;Other
Caenorhabditis nigoni;406;46;368;86;104;2;34;7;150;24;43;2;58;13;45;1;22;10;47;3;25;6;48;9;35;9;31;0;0;0;270;16;125;53;87;3;41;5;139;14;82;26;90;10;106;27;156;7;67;18;88;5;23;2;56;6;49;30;135;3;36;12;10;1;55.21561771561772;31.497668997669;8.886946386946388;4.3997668997669;Other
Caenorhabditis nouraguensis;424;33;324;98;120;3;30;2;151;22;44;1;60;11;63;7;28;11;47;3;22;10;43;13;30;14;31;0;0;0;268;15;119;49;98;6;28;2;137;17;81;26;125;7;86;15;177;10;50;17;87;10;18;1;60;3;44;34;157;1;17;11;9;3;59.190212642004084;27.55607340518497;8.855228662976987;4.398485289833964;Other
Caenorhabditis plicata;426;31;346;102;107;2;32;4;152;21;49;1;63;9;36;1;30;11;46;7;23;6;47;13;35;12;32;0;0;0;255;19;133;46;87;5;45;4;140;13;85;22;153;7;53;16;145;8;76;23;81;5;30;1;59;5;41;36;158;1;11;13;9;2;57.50510055377441;29.495773826872636;8.94782862139318;4.051296997959779;Other
Caenorhabditis remanei;421;31;380;78;98;1;46;0;158;13;45;0;64;7;48;0;22;5;47;5;26;3;53;5;33;11;31;0;0;0;278;11;125;49;81;7;54;0;143;9;94;13;122;8;90;12;151;4;79;17;75;5;36;2;56;5;60;19;135;1;35;13;9;3;56.58508158508159;33.595571095571096;6.75990675990676;3.0594405594405596;Other
Caenorhabditis tropicalis;419;36;311;127;126;6;18;1;152;21;44;2;52;19;60;1;23;11;49;4;21;8;47;10;31;13;31;0;0;0;269;12;97;68;88;12;33;4;144;8;66;42;146;7;63;13;192;5;44;19;82;10;23;3;56;6;38;41;144;4;27;12;11;1;59.685406350131075;24.992717739586368;11.127293912030293;4.194581998252257;Other
Caenorhabditis virilis;437;25;396;66;103;6;40;7;165;5;45;0;62;9;52;0;27;3;40;2;34;5;54;4;34;12;29;1;0;0;280;8;134;30;75;4;52;4;150;8;84;22;131;3;80;19;156;3;69;8;77;13;21;2;60;5;52;25;143;2;29;8;9;2;58.204605071407755;32.73098222092684;6.470416788108422;2.5939959195569804;Other
Caenorhabditis wallacei;420;35;355;91;115;5;25;5;154;18;44;2;56;15;40;1;36;4;42;6;29;4;49;9;26;18;31;0;0;0;276;16;122;50;100;1;31;3;145;8;73;35;132;7;84;9;179;7;57;12;85;10;16;3;60;2;46;32;148;3;22;12;11;1;58.84066414214972;28.808622196329743;8.563938246431691;3.7867754150888437;Other
Camallanus cotti;551;30;186;265;141;7;14;12;182;16;96;9;38;50;33;3;13;18;66;4;6;6;59;10;7;26;39;1;3;1;192;9;66;113;61;10;15;5;84;1;29;45;126;8;43;43;249;9;44;105;65;9;10;5;82;14;12;59;171;15;31;55;4;4;59.62008141112619;14.13839891451832;22.03527815468114;4.2062415196743554;Other
Chabertia erschowi;433;15;300;208;84;8;36;15;170;18;39;2;35;35;23;1;13;5;47;7;14;13;39;17;17;24;28;0;3;1;230;10;149;67;62;13;26;15;127;8;63;46;112;12;64;54;114;14;95;60;58;11;18;13;50;8;39;39;105;14;21;53;9;1;50.17492711370263;26.29737609329446;18.92128279883382;4.606413994169096;Other
Chabertia ovina;384;5;298;139;73;8;26;9;143;18;40;5;48;16;16;0;11;2;44;6;14;6;48;5;26;12;19;0;4;0;199;8;136;70;69;9;21;10;126;14;64;32;75;3;83;26;129;10;63;33;42;7;32;5;51;4;35;28;97;6;40;32;7;2;51.954560641496826;30.3374540594721;14.09956565319078;3.6084196458402937;Other
Chandlerella quiscali;647;13;222;191;169;2;11;1;243;3;88;1;51;23;24;0;4;2;61;2;10;3;51;2;31;14;51;0;2;3;251;5;91;64;66;2;7;3;107;2;31;43;102;0;34;16;221;2;40;10;51;0;5;1;80;1;45;20;173;2;38;9;5;4;69.01041666666666;18.14236111111111;11.77662037037037;1.0706018518518519;Other
Contracaecum ogmorhini sensu lato Australia;482;26;168;234;141;5;14;7;141;21;43;6;24;50;90;2;8;20;65;5;5;8;56;1;15;29;32;0;0;0;201;19;66;110;87;10;11;6;87;21;38;57;134;4;29;43;217;9;42;62;81;11;14;9;67;5;28;50;122;15;15;49;6;3;59.719789842381786;14.098073555166375;21.511967308814945;4.670169293636894;Other
Contracaecum ogmorhini sensu lato Pacific Canada;489;23;165;234;140;3;15;10;135;26;40;9;24;50;87;1;12;15;66;6;5;9;56;3;16;28;32;0;0;0;195;20;68;109;87;12;10;7;80;27;37;59;133;5;31;41;213;10;41;64;86;10;14;9;65;5;27;50;127;11;17;48;6;3;59.28196147110333;14.244016345592527;21.482778750729715;4.99124343257443;Other
Contracaecum ogmorhini sensu lato South Africa;481;27;165;235;143;5;15;8;140;22;43;6;24;51;87;1;11;17;65;7;5;8;57;1;15;29;32;0;0;0;200;19;67;108;86;12;11;7;86;21;38;56;135;4;27;42;216;9;42;63;83;10;14;8;66;6;27;51;123;14;16;49;6;3;59.64963503649635;14.102189781021899;21.45985401459854;4.788321167883212;Other
Contracaecum osculatum;447;39;163;220;125;8;18;11;143;26;49;3;25;50;86;4;27;21;67;11;4;2;52;7;19;24;29;1;1;2;218;21;57;115;79;10;14;12;106;15;50;47;96;13;30;61;214;23;27;63;81;27;5;3;62;13;23;52;114;26;13;43;6;3;57.4430823117338;14.068884997081144;21.278458844133098;7.209573847051956;Other
Contracaecum rudolphii B Bullini et al., 1986;481;25;158;237;135;9;12;15;131;31;42;8;24;50;77;5;11;28;64;12;8;5;54;4;18;23;32;1;0;1;192;27;68;105;86;17;9;6;88;20;41;58;122;13;36;40;210;11;36;65;77;18;6;16;60;10;25;54;111;21;13;55;6;3;57.26795096322241;13.747810858143609;22.21249270286048;6.771745475773497;Other
Cucullanus robustus;447;43;236;224;153;4;25;10;140;18;48;3;26;52;67;8;24;18;51;7;9;7;46;6;10;29;22;1;2;8;195;35;98;81;65;11;16;12;98;16;33;57;74;12;44;63;174;31;41;74;45;16;5;16;55;13;22;54;115;10;14;74;8;2;52.43938066023956;17.908267601519135;22.816243061641835;6.8361086765994745;Other
Cyathostomum catinatum;419;17;331;185;62;3;51;18;170;10;36;3;55;13;3;1;6;2;45;7;13;16;39;16;32;12;28;0;0;2;248;8;160;78;59;10;39;20;140;3;86;27;92;3;83;47;127;6;93;51;71;12;22;9;57;6;44;32;116;5;27;43;9;2;49.91253644314869;30.64139941690962;16.239067055393587;3.206997084548105;Other
Cyathostomum pateratum;424;15;319;194;61;3;49;20;157;21;37;3;51;16;3;0;4;5;37;13;13;18;42;13;30;13;28;0;0;2;246;11;158;82;59;12;37;21;137;9;87;25;93;2;84;44;127;7;87;56;66;15;20;12;59;4;48;27;112;7;29;44;8;3;49.227179935841356;29.862933799941676;16.972878390201224;3.937007874015748;Other
Cylicocyclus ashworthi;429;9;320;166;61;5;48;25;172;10;40;1;51;20;15;1;9;7;39;12;15;13;33;20;29;15;24;1;2;3;244;8;161;73;59;6;42;18;138;7;81;34;94;8;77;43;134;8;91;53;54;18;28;16;56;5;47;29;110;8;26;48;7;4;49.62099125364431;30.145772594752184;16.53061224489796;3.702623906705539;Other
Cylicocyclus auriculatus;429;13;337;169;56;3;53;25;172;10;39;2;44;23;8;1;10;3;41;8;21;11;38;17;28;16;25;0;3;2;246;8;153;78;48;13;40;19;141;7;82;31;96;8;70;50;119;7;97;55;60;13;24;13;57;5;50;25;118;5;42;32;10;1;49.35860058309038;31.020408163265305;16.122448979591837;3.498542274052478;Other
Cylicocyclus insigne;312;5;254;120;44;1;48;14;131;5;31;2;31;9;6;0;3;3;32;4;15;6;31;3;15;17;22;0;2;2;185;4;119;55;47;1;28;15;106;0;61;20;65;2;70;35;88;3;76;35;51;6;14;9;50;1;36;20;95;2;20;26;8;1;51.38778747026169;31.720856463124502;15.34496431403648;1.5463917525773196;Other
Cylicocyclus nassatus;429;9;305;185;60;5;49;21;167;15;33;5;49;20;12;1;9;11;40;12;13;16;37;18;25;19;25;0;3;2;245;12;144;93;55;8;40;20;133;12;79;35;81;8;83;51;129;6;85;61;63;10;25;16;58;4;38;38;117;5;28;42;9;2;49.096209912536445;28.68804664723032;18.425655976676385;3.7900874635568513;Other
Cylicocyclus radiatus;427;11;310;185;54;3;56;21;166;15;37;1;45;24;11;1;10;6;35;12;17;17;41;14;25;19;24;0;3;3;236;11;157;84;54;10;43;18;129;16;82;31;99;2;74;49;136;9;85;58;58;12;24;18;53;9;40;36;112;9;26;46;7;4;48.74635568513119;29.271137026239067;18.0466472303207;3.9358600583090384;Other
Cylicodontophorus bicoronatus;432;17;301;188;56;2;45;26;161;15;45;1;40;26;9;1;12;7;40;8;15;20;38;12;29;16;26;0;4;2;237;9;160;84;52;8;35;28;135;14;84;32;95;2;82;47;120;6;99;60;67;14;15;14;55;4;43;35;100;9;31;50;11;0;48.61556397551734;29.3208976974643;18.507723695715537;3.5558146313028267;Other
Cylicostephanus minutus;439;9;366;117;60;4;61;13;169;11;38;1;54;13;6;0;17;9;25;14;30;11;45;11;29;14;24;1;1;5;256;5;163;68;61;7;44;17;141;9;86;29;92;9;89;34;126;6;95;46;55;12;30;16;56;5;46;31;111;6;36;35;10;1;49.67930029154519;33.731778425655975;13.381924198250728;3.206997084548105;Other
Dictyocaulus eckerti;550;23;230;271;117;9;34;16;188;9;70;3;36;40;21;1;9;11;47;7;8;1;47;2;16;16;24;0;4;2;191;5;106;93;60;4;10;6;123;4;55;48;88;2;46;28;164;4;80;49;48;2;5;4;72;0;22;41;105;4;28;40;6;3;57.02799285288862;20.69684335914235;19.922572960095295;2.352590827873734;Other
Dictyocaulus viviparus;588;12;251;273;120;10;34;10;192;5;55;3;36;37;26;0;6;7;57;7;4;3;48;1;17;15;30;0;2;3;188;2;88;89;76;1;9;3;118;7;54;53;95;1;40;40;180;5;64;44;46;4;7;2;67;2;30;43;99;2;41;48;4;3;58.26240093924273;20.164367478720283;19.753448781919577;1.8197828001174052;Other
Diploscapter coronatus;786;16;279;160;145;4;16;2;154;2;54;3;55;6;47;1;2;4;65;1;6;0;56;2;26;8;29;2;2;0;218;3;87;52;84;1;16;2;123;3;59;22;108;2;49;12;190;2;37;6;69;0;5;1;72;0;35;24;139;4;19;5;6;1;69.01740926526999;20.625553260548834;8.999704927707288;1.3573325464738861;Other
Diploscapter pachys (synthetic DNA construct);773;18;335;122;145;2;18;0;154;2;58;0;54;6;46;0;1;1;62;1;7;1;58;0;28;6;29;0;4;0;207;6;86;57;78;0;20;5;126;3;59;22;108;1;54;8;194;1;35;7;58;5;12;1;70;2;46;13;143;2;19;4;4;0;68.1724239740183;23.088278712725124;7.4697372305875405;1.2695600826690288;Other
Dirofilaria immitis;656;2;120;297;162;1;8;8;230;1;103;4;32;41;25;1;2;5;68;1;1;4;52;1;9;42;43;0;5;7;198;1;39;103;88;0;2;2;90;3;19;57;117;3;15;17;248;2;19;40;61;4;1;6;90;2;14;46;155;12;25;45;3;5;68.89979786312446;9.067282702858794;20.9356049667918;1.0973144672249495;Other
Dirofilaria repens;687;1;144;270;175;1;2;2;229;4;100;1;39;35;39;0;0;0;72;0;4;1;52;1;12;37;48;1;4;1;191;2;55;82;90;0;0;0;90;1;12;65;133;0;10;8;277;1;12;11;59;1;2;2;86;1;21;37;220;3;8;6;6;2;73.72685185185185;9.577546296296296;16.17476851851852;0.5208333333333333;Other
Dirofilaria sp. 'hongkongensis';675;11;179;232;173;2;2;0;224;7;98;3;39;35;36;1;3;1;72;1;3;2;52;2;17;32;49;1;3;1;205;1;67;69;90;0;0;1;91;2;18;57;129;4;10;10;259;4;14;9;61;0;1;4;84;2;24;36;218;2;13;3;3;5;72.88528389339514;11.471610660486673;14.397450753186558;1.2456546929316339;Other
Dracunculus medinensis;556;4;164;291;139;6;8;1;212;2;89;0;32;50;36;0;1;2;63;2;4;0;54;0;7;26;36;0;1;1;161;3;51;101;60;0;1;1;81;2;18;50;141;2;34;38;310;2;43;43;71;1;3;0;85;5;31;38;195;0;23;28;3;3;67.02781844802342;12.415812591508054;19.70717423133236;0.8491947291361639;Other
Enterobius vermicularis;478;6;171;302;80;4;9;8;172;9;66;2;23;63;24;0;6;10;57;2;5;1;57;0;14;22;37;0;0;3;206;3;88;114;68;3;9;9;91;1;27;55;101;4;32;48;302;7;52;82;71;3;4;4;72;3;17;61;177;2;33;67;3;2;59.64658169177288;14.281575898030127;24.652375434530708;1.4194669756662803;Other
Eucoleus annulatus;175;36;178;20;80;18;40;3;85;24;19;11;68;5;53;12;62;6;51;8;18;0;32;6;35;0;12;3;19;1;166;49;138;25;54;16;33;1;78;34;68;2;24;11;59;5;41;16;58;4;33;9;22;3;30;9;52;4;36;14;59;6;8;0;43.1241655540721;40.809968847352025;3.7828215398308855;12.283044058744993;Other
Gnathostoma doloresi;421;19;224;260;102;10;19;9;166;11;50;5;36;36;28;1;18;28;54;2;5;16;53;0;9;30;14;2;6;9;195;12;97;110;79;3;6;7;103;6;30;62;78;6;59;66;150;9;83;84;78;6;10;14;62;7;23;71;73;6;48;78;5;5;50.56312981624185;20.09484291641968;26.229994072317727;3.112033195020747;Other
Gnathostoma nipponicum;445;9;289;206;120;0;14;5;179;3;52;5;37;34;33;0;13;7;65;2;8;2;50;1;13;27;22;1;5;4;241;9;134;91;84;2;8;3;102;2;43;51;89;9;70;46;159;4;65;50;76;2;12;3;71;5;38;45;98;10;46;41;5;6;55.94778997330169;23.73183031741323;18.42183328389202;1.8985464253930586;Other
Gnathostoma spinigerum;446;13;183;302;114;6;16;10;177;4;57;2;28;46;32;1;7;18;66;1;3;8;50;3;16;23;22;3;3;5;202;5;93;114;78;2;7;11;92;4;42;48;97;7;60;57;185;9;62;81;81;5;13;5;73;4;37;48;102;9;29;63;2;6;55.15008828722778;17.68687463213655;24.86756915832843;2.2954679223072394;Other
Gongylonema pulchrum;619;7;195;231;150;4;5;4;204;5;86;2;44;35;21;1;8;0;74;2;0;1;50;4;32;19;36;2;12;6;231;6;84;84;68;0;10;5;101;4;44;34;90;2;31;29;199;1;23;43;68;2;10;5;75;4;33;35;158;2;34;31;6;1;65.35756154747948;16.735052754982416;16.50058616647128;1.406799531066823;Other
Haemonchus contortus;418;8;312;174;61;1;42;29;175;7;41;1;56;13;9;0;7;6;37;10;12;17;41;11;39;5;24;0;6;2;244;5;222;76;65;2;39;9;163;13;106;12;81;5;99;22;114;1;94;79;52;5;23;22;54;3;63;19;85;4;36;42;7;1;48.49897988924512;33.89682308364908;15.389099387933546;2.215097639172253;Other
Haemonchus placei;421;2;337;155;51;1;54;27;178;3;41;0;57;14;11;0;6;4;46;4;16;10;45;7;41;2;24;1;5;2;262;2;228;67;70;3;38;8;168;10;111;7;82;4;104;11;99;1;99;68;63;3;27;13;52;5;71;10;95;3;36;31;7;1;49.88317757009346;36.12733644859813;12.558411214953273;1.4310747663551402;Other
Halicephalobus gingivalis;486;17;264;77;113;4;4;0;131;10;38;1;46;6;65;5;10;1;43;2;3;0;34;3;21;10;21;0;0;0;215;7;88;31;62;0;6;3;105;8;58;20;94;1;32;8;171;4;33;2;70;1;4;0;41;0;38;14;97;3;7;5;6;1;67.39622641509435;23.39622641509434;6.716981132075471;2.490566037735849;Selected
Halicephalobus mephisto;593;8;313;116;148;5;7;3;186;7;49;4;55;16;57;1;10;3;64;3;6;1;54;2;33;9;33;0;0;1;294;7;128;48;95;2;7;0;150;3;79;10;151;5;38;2;184;2;28;6;83;1;4;1;65;0;54;15;151;9;11;1;10;2;68.65715117972618;22.80803961549665;6.816195747159918;1.7186134576172445;Selected
Halicephalobus sp. NKZ332;571;21;349;91;144;1;12;0;177;2;52;1;69;2;67;2;10;2;64;1;9;0;55;0;39;5;31;0;1;0;290;10;125;50;102;1;9;0;144;4;79;17;114;3;62;9;198;5;42;5;95;3;5;0;68;1;58;9;150;2;13;6;10;0;66.97432939140468;25.728295356215746;5.65330256706086;1.6440726853187193;Selected
Heliconema longissimum;614;12;321;117;126;10;16;1;205;9;71;3;46;40;16;0;11;2;64;5;13;4;52;1;27;17;42;2;5;5;301;6;145;33;75;9;6;1;124;1;57;20;100;1;51;13;135;5;42;12;55;9;11;1;68;3;37;26;128;8;43;28;7;3;63.60713241742181;24.495761473253435;9.44168371821105;2.4554223911137094;Other
Heterakis beramporia;442;16;193;289;111;4;11;11;163;13;47;3;40;42;29;1;15;12;59;1;11;9;54;2;32;17;31;1;1;3;201;9;82;112;88;1;15;5;112;3;45;47;139;3;50;41;147;6;69;95;82;4;15;13;64;2;36;44;113;7;49;55;5;5;54.91683688357164;19.521447330026263;23.344032681645754;2.217683104756347;Other
Heterakis dispar;431;20;189;279;101;7;18;9;161;13;47;2;42;40;45;1;15;13;58;4;8;11;47;7;22;26;28;2;4;2;197;13;49;138;89;1;7;10;110;7;39;55;145;7;50;31;169;10;48;101;78;16;5;20;64;3;27;52;119;9;27;68;5;5;55.137186223000576;16.199649737302977;25.102159953298308;3.561004086398132;Other
Heterakis gallinarum;433;18;183;284;110;3;11;15;166;11;50;2;33;50;45;2;15;13;58;7;7;8;53;2;21;27;32;0;1;3;200;8;51;138;83;6;10;11;108;5;43;52;115;6;50;55;165;10;67;79;89;8;9;13;62;7;28;52;111;12;34;66;2;8;54.87448920023351;16.491535318155286;25.510799766491537;3.123175715119673;Other
Heterorhabditis bacteriophora;451;24;345;153;136;4;19;3;163;8;51;0;49;23;29;1;12;2;56;5;16;6;55;2;22;20;26;0;4;1;225;9;129;60;89;3;21;8;136;7;57;44;142;3;61;23;164;7;80;32;83;4;8;4;70;4;41;35;126;6;35;22;5;5;58.29935934769948;26.324985439720443;12.842166569598138;2.533488642981945;Other
Heterorhabditis indica;451;24;345;153;136;4;19;3;163;8;51;0;49;23;29;1;12;2;56;5;16;6;55;2;22;20;26;0;4;1;225;9;129;60;89;3;21;8;136;7;57;44;142;3;61;23;164;7;80;32;83;4;8;4;70;4;41;35;126;6;35;22;5;5;58.29935934769948;26.324985439720443;12.842166569598138;2.533488642981945;Other
Hexamermis agrotis;120;15;171;16;42;6;46;2;40;10;9;1;51;4;23;2;29;2;27;4;17;0;23;7;15;4;7;0;14;0;147;14;109;15;42;7;15;1;59;12;47;3;21;1;47;8;36;3;23;6;17;4;5;1;24;5;27;7;30;4;28;10;4;1;44.76510067114094;43.48993288590604;5.369127516778524;6.375838926174497;Other
Hypodontus macropi;440;5;242;251;84;4;30;23;184;4;43;5;20;50;12;1;8;10;50;9;12;10;46;9;16;25;23;0;2;6;211;8;134;92;75;5;14;22;122;4;49;60;114;5;43;62;166;7;77;62;56;7;21;15;57;5;26;50;127;16;22;42;7;3;53.0791788856305;21.20234604105572;22.961876832844574;2.756598240469208;Other
Loa loa;616;3;177;247;171;2;6;1;231;2;101;2;45;30;26;0;4;1;70;0;5;0;49;4;17;32;55;0;0;0;219;5;58;88;82;2;3;1;102;4;21;54;127;2;20;7;248;4;26;24;74;2;1;4;84;1;35;26;177;6;30;13;4;3;70.4111175448755;13.086276780544296;15.373480023161552;1.129125651418645;Other
Longidorus vineacola;78;66;136;29;45;22;24;6;31;31;11;8;52;10;52;30;76;22;28;16;22;4;19;18;24;5;4;0;15;4;83;39;97;34;49;25;32;7;25;27;38;10;31;21;62;22;38;14;76;30;46;25;33;13;16;12;26;13;18;12;54;44;6;0;29.196337741607326;39.31841302136318;12.868769074262461;18.61648016276704;Other
Macropicola ocydromi;428;7;306;200;84;2;43;12;179;6;42;1;38;29;7;0;5;0;44;6;25;6;50;5;24;19;24;0;4;3;244;4;163;87;70;5;28;15;131;6;66;46;103;2;76;43;125;1;91;58;61;4;23;10;55;4;36;41;109;1;46;38;6;4;51.63187297853572;28.815054395765948;17.96530432225816;1.5877683034401648;Other
Marshallagia marshalli;416;6;339;208;68;6;41;25;169;15;34;7;46;27;14;1;5;9;50;9;12;7;41;15;29;13;18;0;7;6;247;1;147;65;71;10;27;11;157;9;81;23;125;8;57;31;127;7;82;76;51;9;16;24;57;3;45;25;100;7;20;52;8;0;50.99357101110462;28.112215078901226;17.592051431911162;3.302162478082992;Other
Mecistocirrus digitatus;287;4;267;110;39;1;37;21;124;11;32;2;46;7;6;0;7;0;31;5;15;10;30;5;31;6;17;1;8;0;200;7;158;47;42;1;23;12;104;7;70;7;71;2;72;12;73;1;65;46;39;1;33;3;44;1;51;16;76;1;22;27;7;0;48.580567772890845;36.46541383446621;12.954818072770891;1.9992003198720514;Other
Meloidogyne arenaria;596;7;469;95;65;3;37;9;184;1;39;0;50;17;4;0;4;2;25;0;20;1;42;0;31;8;14;1;14;2;300;5;230;26;39;0;11;2;155;2;94;26;85;5;65;14;92;3;41;9;25;1;7;2;65;1;64;15;76;0;49;6;5;2;55.36480686695279;36.5113427345187;7.234825260576333;0.8890251379521766;Other
Meloidogyne enterolobii;593;8;486;89;60;1;48;1;174;3;43;0;41;20;7;0;2;1;23;0;19;5;42;0;27;6;19;0;9;5;269;4;219;46;39;0;13;2;164;1;98;17;74;2;71;18;105;3;53;14;25;0;2;3;70;1;63;12;80;1;36;18;5;1;54.79914136767863;36.553204538485126;7.911683532658693;0.7359705611775529;Other
Meloidogyne graminicola;662;27;465;63;78;4;22;4;185;7;44;3;32;23;20;1;12;0;27;4;14;2;39;2;21;6;15;1;12;1;304;11;177;36;36;3;10;2;170;4;89;12;80;1;49;29;94;3;50;16;30;0;6;2;68;0;43;25;83;3;24;25;8;4;58.76100819921045;31.399939265107808;7.591861524445793;2.247191011235955;Other
Meloidogyne incognita;596;8;466;98;65;3;38;8;182;2;39;0;50;17;4;0;4;2;25;0;20;1;42;0;31;8;14;1;14;2;300;6;234;23;38;0;10;3;155;2;92;28;86;3;66;14;91;3;43;9;26;0;7;2;64;2;64;14;75;0;49;7;5;2;55.22525283481458;36.56144652160588;7.2939013178057;0.9193993257738278;Other
Meloidogyne javanica;596;7;471;94;65;3;38;8;182;3;39;0;49;18;4;0;3;2;25;0;20;1;41;1;31;8;14;1;14;2;301;5;231;26;38;0;10;3;154;2;93;28;86;4;66;14;92;2;42;9;26;0;7;2;64;2;63;15;75;0;50;6;5;2;55.22525283481458;36.56144652160588;7.2939013178057;0.9193993257738278;Other
Metastrongylus pudendotectus;397;3;239;146;108;0;19;3;142;2;41;1;35;17;19;0;1;1;34;0;16;5;44;1;8;18;19;0;5;2;186;0;78;61;55;0;4;2;83;2;30;42;83;0;45;15;151;3;46;14;32;4;7;6;54;0;27;33;106;1;38;10;6;3;60.86956521739131;23.658441049745395;14.806110458284373;0.6658832745789268;Other
Metastrongylus salmi;401;6;176;257;93;2;23;9;154;2;53;3;20;33;12;1;8;4;44;1;7;6;48;2;15;12;19;0;4;2;163;3;51;91;65;0;7;6;97;3;24;51;95;6;41;38;133;5;46;39;51;5;6;4;60;2;24;32;112;3;21;36;5;4;58.26656955571741;17.407137654770573;22.723962126729788;1.602330662782229;Other
Necator americanus;467;2;333;226;109;0;31;8;177;2;46;0;46;25;5;0;2;1;53;4;18;5;48;2;22;19;28;0;3;0;242;2;144;72;72;1;17;13;132;1;53;55;146;1;61;22;163;4;67;36;70;3;14;7;62;1;32;44;154;1;23;21;5;4;57.6014006419609;25.415815582141814;16.282462795447913;0.7003209804493726;Other
Nematodirus oiratianus;431;8;374;160;75;2;48;14;181;9;39;2;41;29;14;4;12;5;41;5;22;9;46;10;18;22;26;0;4;1;229;10;150;69;74;9;21;10;135;4;49;51;141;3;48;28;141;12;94;43;71;11;17;4;64;4;41;33;127;5;28;34;3;2;53.7020778460638;28.387474392742174;15.042434884401521;2.868012876792508;Other
Nematodirus spathiger;440;9;313;194;89;10;33;11;190;5;38;0;32;38;16;3;11;11;45;11;15;6;49;5;23;18;27;0;1;3;245;4;127;80;74;10;17;8;130;8;41;58;163;4;29;31;146;12;76;64;69;14;18;8;63;4;30;44;133;6;17;33;5;1;56.08543007606788;23.054417788180224;17.788180222352253;3.0719719133996493;Other
Nippostrongylus brasiliensis;443;6;360;153;87;2;34;11;165;17;38;3;55;17;20;0;9;6;49;9;16;5;45;8;27;13;31;0;0;0;238;9;166;56;79;4;25;7;123;11;69;38;127;6;68;22;127;7;96;45;78;9;13;10;62;4;42;37;144;6;26;28;6;1;54.30076067875951;29.607957870099472;13.136337039204212;2.954944411936805;Other
Oesophagostomum asperum;442;3;386;135;88;2;49;6;178;7;43;1;59;11;13;0;2;4;46;2;26;4;44;11;31;14;29;0;2;0;244;5;166;67;80;4;29;6;133;5;76;33;141;3;64;17;131;6;110;25;61;7;27;5;60;5;47;27;133;3;39;22;8;2;54.41819772528434;32.691746864975215;11.023622047244094;1.8664333624963547;Other
Oesophagostomum columbianum;441;11;373;135;85;8;40;6;175;12;44;3;56;12;9;0;9;1;47;10;14;8;42;15;28;12;28;0;0;0;275;10;178;54;91;8;14;4;145;6;86;23;144;3;57;23;148;7;65;28;65;11;15;9;57;3;44;32;133;4;30;23;7;0;56.30472854640981;29.655575014594277;10.799766491535317;3.239929947460595;Other
Oesophagostomum dentatum;352;14;243;164;71;0;38;2;130;9;35;1;46;16;11;2;8;4;36;8;16;7;42;11;21;12;20;0;0;0;201;5;101;83;56;6;29;10;124;4;59;30;89;3;59;24;112;6;65;38;58;8;19;5;50;4;31;25;110;2;27;25;7;1;53.559928443649376;27.513416815742396;15.95706618962433;2.9695885509838997;Other
Oesophagostomum quadrispinulatum;432;17;380;109;84;2;50;7;172;7;42;1;58;10;11;1;23;5;48;4;20;9;46;10;27;15;30;0;1;0;266;12;163;68;69;4;41;4;140;7;90;17;105;4;89;26;115;5;99;33;66;6;29;7;61;0;51;26;135;4;38;18;7;3;53.135024788568096;34.00408282298046;10.411198600174979;2.4496937882764653;Other
Onchocerca flexuosa;604;12;164;266;158;2;5;3;223;9;92;4;36;39;33;0;3;8;68;3;5;3;53;1;18;33;50;1;3;2;198;2;69;89;88;2;5;0;89;4;7;69;123;6;26;8;244;8;25;21;82;0;5;1;80;4;18;45;187;6;22;25;6;3;68.39677047289504;12.024221453287197;17.73356401384083;1.845444059976932;Other
Onchocerca lupi;639;7;114;323;159;4;2;5;215;8;103;1;17;55;30;0;0;6;64;2;5;5;48;4;18;34;49;1;2;4;172;1;35;104;86;1;2;1;82;2;15;61;116;1;11;24;296;4;21;28;73;1;2;2;78;4;16;47;189;7;24;29;4;7;69.13544668587896;8.29971181556196;21.181556195965417;1.38328530259366;Other
Onchocerca ochengi;629;2;130;313;163;0;3;3;228;3;98;1;29;45;23;1;1;3;68;0;2;6;50;3;13;38;43;1;1;10;175;4;30;111;84;0;2;2;79;4;9;68;112;4;14;23;268;2;24;42;76;0;3;7;83;3;23;41;190;5;17;34;6;5;68.46820809248555;8.872832369942197;21.705202312138727;0.953757225433526;Other
Onchocerca volvulus;618;5;137;302;162;3;4;1;223;4;97;2;29;46;26;2;1;6;66;2;3;5;52;2;17;33;46;0;0;10;189;2;29;112;85;0;0;4;80;6;8;69;115;1;13;27;255;1;27;41;72;5;2;6;82;1;21;45;185;11;20;29;5;6;68.04511278195488;9.13823019086177;21.45748987854251;1.3591671486408328;Other
Ortleppascaris sinensis;468;13;219;216;138;3;15;9;143;23;49;2;41;33;61;1;3;8;73;3;8;0;57;1;27;18;30;0;2;1;249;7;104;76;88;8;27;8;116;10;64;38;115;2;55;33;191;10;59;45;80;14;11;7;62;12;40;41;125;9;28;31;4;4;59.482257126236185;20.56428155904596;16.52123327515998;3.432228039557882;Other
Oxyuris equi;503;15;108;339;62;5;6;13;161;6;106;12;37;106;30;9;8;17;46;3;5;8;32;1;8;27;26;0;2;12;161;7;47;141;46;2;3;10;64;3;39;58;106;5;21;50;268;4;63;122;39;6;3;11;63;3;12;52;160;13;25;103;1;5;54.622338874307374;11.31525226013415;31.321084864391953;2.7413240011665208;Other
Panagrellus redivivus;486;17;519;13;126;1;49;2;189;6;39;0;70;1;12;0;3;0;55;4;20;0;55;2;37;6;31;0;0;0;305;3;170;5;84;0;35;0;145;1;96;5;64;0;119;9;123;2;96;4;63;1;19;0;66;0;64;8;134;0;35;11;9;0;57.823925124305354;39.221994735302715;1.8718923661889442;1.0821877742029833;Other
Parafilaroides normani;543;8;176;345;135;1;12;11;175;2;56;2;20;51;18;2;7;5;47;4;10;14;51;4;10;29;25;0;0;5;174;3;57;130;72;1;4;2;84;3;17;70;138;9;41;54;236;1;33;55;58;4;9;9;71;0;19;55;138;1;10;52;3;6;59.66932388544435;12.636551520519635;26.36551520519634;1.328609388839681;Other
Paralongidorus litoralis;102;38;121;44;36;18;17;11;24;20;7;2;38;14;46;16;64;27;23;10;14;7;18;18;16;11;3;7;3;4;70;23;85;26;46;19;29;10;28;31;35;10;32;15;44;31;46;14;61;29;41;22;17;11;12;15;21;8;19;8;49;36;5;1;32.00231481481482;35.82175925925926;16.203703703703702;15.972222222222221;Other
Parascaris equorum;489;15;149;313;123;6;16;10;145;11;47;2;25;53;55;1;7;17;73;4;5;6;55;1;14;27;28;0;0;5;199;8;56;107;83;6;14;9;107;5;25;73;100;9;26;50;216;9;56;71;80;7;6;16;71;5;29;48;129;8;31;58;3;7;58.326042578011084;13.47331583552056;25.371828521434818;2.8288130650335375;Other
Parascaris univalens;485;14;152;313;126;5;17;11;152;11;50;2;24;52;56;1;7;18;71;2;5;6;55;0;14;28;28;0;0;4;200;8;54;107;84;5;13;9;105;5;23;70;102;9;28;48;221;6;61;70;80;7;4;16;70;6;27;50;127;8;30;52;3;7;58.76168224299065;13.492990654205608;25.14602803738318;2.5992990654205608;Other
Parastrongyloides trichosuri;541;10;146;230;179;1;0;0;166;5;77;2;29;34;81;1;1;3;73;0;6;3;54;1;16;22;33;0;0;0;232;3;60;86;95;0;9;2;110;3;50;33;151;3;15;10;265;2;15;23;93;2;3;1;69;3;28;41;159;3;3;16;4;2;71.8863361547763;11.638452237001209;15.296251511487306;1.1789600967351874;Other
Passalurus ambiguus;576;24;108;348;86;2;3;2;130;9;110;10;44;85;59;9;18;18;46;4;5;3;41;1;4;27;22;0;1;4;176;5;38;134;50;3;1;7;73;3;27;46;110;1;18;39;324;9;29;76;43;0;0;1;60;1;7;41;180;5;26;60;1;9;61.31687242798354;9.700176366843033;26.455026455026452;2.5279247501469726;Other
Philometroides sanguineus;349;24;302;125;87;4;34;2;160;32;65;5;65;23;31;4;30;10;48;2;16;5;53;6;22;21;24;0;5;3;206;7;144;70;49;0;29;5;90;6;59;30;96;12;109;66;178;13;99;65;63;8;22;5;67;7;25;42;164;11;61;35;6;3;50.7480199471986;30.155470812555002;14.960398943971839;4.136110296274567;Other
Plectus aquatilis;376;29;155;144;141;5;7;4;122;6;41;3;29;41;150;6;31;9;66;3;8;5;53;4;21;18;34;0;2;0;189;6;68;71;98;5;17;5;88;10;36;40;111;11;47;31;204;6;65;33;110;5;24;12;52;9;24;39;132;9;29;22;4;2;62.903741605372566;18.132395267029104;15.222257755036777;3.7416053725615606;Other
Poteriostomum imparidentatum;426;9;313;183;59;1;52;24;168;12;37;5;47;22;7;0;8;5;34;9;18;19;46;10;20;22;24;0;2;4;241;9;144;99;59;5;46;19;138;6;77;39;81;6;87;48;132;5;79;74;63;4;26;17;52;6;43;35;107;10;24;51;10;1;48.818897637795274;29.04636920384952;19.305920093321667;2.8288130650335375;Other
Pristionchus pacificus;401;45;352;105;86;5;66;1;150;25;44;1;56;18;3;0;33;7;39;3;33;3;46;14;36;6;28;0;2;1;241;23;188;50;61;5;57;3;128;25;93;13;57;3;134;40;119;14;104;31;70;6;26;0;52;11;51;27;138;3;29;12;8;0;48.46983386767707;36.957155348294954;9.239288837073738;5.333721946954241;Other
Protostrongylus rufescens;488;6;281;247;100;4;36;21;176;9;42;2;37;30;25;0;10;9;41;4;17;9;50;2;21;18;20;0;4;8;211;4;106;97;69;1;13;13;113;4;56;47;112;3;61;45;172;6;72;59;67;7;9;15;64;4;27;44;124;6;26;40;7;1;54.763296317942725;22.88135593220339;20.54354178842782;1.8118059614260666;Other
Pseudoterranova azarasi;458;31;153;246;148;2;9;7;140;23;56;10;19;49;93;4;13;28;66;3;5;9;53;6;16;31;27;0;1;3;201;10;60;108;98;3;10;10;107;6;36;63;126;3;35;33;202;23;53;56;82;23;3;5;61;14;22;59;115;25;9;48;5;3;59.34033858727379;13.105662580268534;22.124927028604787;5.42907180385289;Other
Pseudoterranova bulbosa;469;21;170;235;147;6;8;8;137;20;57;4;28;46;85;3;6;29;70;6;4;6;55;6;17;26;28;1;2;4;205;6;69;99;103;3;5;7;102;13;38;61;113;6;40;37;205;18;53;63;88;20;3;5;62;13;27;52;129;10;14;45;3;5;59.982486865148864;14.214827787507298;21.24927028604787;4.553415061295972;Other
Pseudoterranova cattani;469;20;160;239;150;6;8;7;139;20;58;1;28;46;82;3;9;34;67;5;4;11;56;5;18;27;28;0;1;3;206;9;76;98;102;4;9;5;97;16;41;56;116;10;40;33;191;19;53;65;90;19;3;4;68;8;24;54;123;16;12;47;3;5;59.60303561004087;14.273204903677758;21.424401634559253;4.699357851722125;Other
Pseudoterranova decipiens sensu lato Germany;461;29;161;244;145;4;13;7;145;19;54;4;29;47;84;4;8;24;65;6;6;8;52;9;14;32;32;0;0;6;199;11;66;99;101;4;5;12;101;7;36;69;115;6;39;34;203;22;47;65;85;15;5;7;63;12;26;56;120;19;12;45;5;3;59.106830122591944;13.776999416228838;22.124927028604787;4.99124343257443;Other
Pseudoterranova krabbei;461;24;140;255;148;4;10;9;148;12;54;5;22;53;85;4;10;36;69;7;1;10;53;8;18;27;28;1;0;3;202;10;64;107;99;4;8;10;107;7;31;67;123;4;35;36;198;20;43;69;88;21;1;7;56;19;14;64;117;23;15;44;4;4;59.427904261529484;12.142440163455925;23.380035026269702;5.049620548744891;Other
Rhigonema thysanophora;464;36;142;247;163;8;21;9;119;32;46;9;29;50;74;8;19;49;62;7;4;12;38;18;17;23;27;6;1;3;175;23;69;84;70;9;14;8;73;22;43;42;87;26;46;33;166;26;44;93;67;18;10;20;34;29;25;51;95;48;30;83;3;4;51.56753589217698;15.147963668326986;23.762086141224728;9.522414298271316;Other
Romanomermis culicivorax;123;10;109;9;18;2;25;3;38;4;6;2;22;6;15;3;17;5;16;2;8;0;20;2;8;3;3;0;8;2;111;11;63;18;23;1;16;2;63;7;25;4;16;3;27;7;16;3;14;8;10;4;10;0;14;5;18;15;21;5;14;11;3;2;48.44192634560906;36.54390934844193;8.970727101038715;6.043437204910293;Other
Romanomermis iyengari;202;21;210;23;36;12;19;2;50;20;16;4;27;6;22;2;34;2;16;2;9;0;13;1;19;2;4;0;7;0;167;14;107;17;33;4;11;0;85;19;73;11;17;11;34;10;27;3;29;4;11;0;10;1;10;3;26;12;7;3;15;7;7;0;45.634161886551944;40.59910771191842;6.182281708094328;7.58444869343531;Other
Romanomermis nielseni;209;16;219;23;57;5;27;2;64;24;8;4;38;10;35;4;37;7;38;3;7;3;24;12;20;5;8;0;3;5;167;24;124;13;46;7;10;3;84;20;67;9;22;11;46;15;41;9;22;10;26;4;19;0;20;5;28;11;28;6;32;14;6;0;46.9989281886388;37.78135048231511;6.966773847802786;8.252947481243302;Other
Setaria digitata;645;3;144;266;173;3;3;1;243;0;95;2;29;48;31;4;1;1;75;1;1;2;52;1;16;37;52;1;3;0;195;6;52;91;81;0;0;2;96;4;7;65;141;2;6;5;273;3;12;22;76;0;0;0;84;2;21;39;204;9;10;16;4;5;72.59088286208886;8.915175995383727;17.311021350259665;1.1829197922677437;Other
Setaria labiatopapillosa;605;3;316;105;167;0;8;2;244;1;88;0;50;24;18;0;4;0;71;0;5;3;52;1;30;21;51;0;2;2;271;0;118;40;88;0;3;1;111;0;30;46;125;1;29;8;209;1;32;3;80;0;2;0;83;1;36;27;178;1;33;14;5;5;70.67168500289519;20.353213665315575;8.714533873769541;0.26056745801968734;Other
Spirocerca lupi;591;16;195;235;139;7;8;6;214;6;75;3;36;56;19;0;10;2;55;7;6;9;52;1;20;31;46;1;3;6;212;4;52;103;81;3;2;3;87;6;42;56;99;5;22;30;239;5;35;37;64;4;1;10;66;2;31;42;143;12;33;72;7;5;62.881844380403464;14.495677233429394;20.259365994236312;2.363112391930836;Other
Steinernema abbasi;567;24;256;84;149;7;20;1;153;18;51;1;40;30;104;10;21;5;65;6;10;2;51;5;35;7;30;1;1;0;279;7;123;35;83;6;23;1;124;14;64;20;133;7;54;18;193;13;38;12;72;16;2;3;56;8;54;25;151;4;9;18;8;3;65.91836734693878;22.099125364431487;7.696793002915451;4.285714285714286;Other
Steinernema carpocapsae;504;20;230;83;142;7;19;0;136;18;46;3;37;26;93;9;14;4;60;5;10;2;49;5;31;6;32;0;1;0;239;16;120;29;82;3;19;2;103;14;57;20;125;10;53;16;179;11;34;11;74;12;2;2;54;8;51;23;139;6;10;17;7;3;65.44702513522112;22.11263124403436;7.763283487114222;4.67706013363029;Other
Steinernema glaseri;457;36;288;94;126;9;22;7;164;12;47;3;55;17;114;7;15;5;57;8;18;2;57;2;31;10;29;0;1;1;288;15;134;40;77;9;25;2;138;10;62;32;127;4;63;19;179;4;46;17;82;12;10;4;62;3;54;23;158;2;26;13;9;2;62.75761973875181;24.93468795355588;8.359941944847606;3.947750362844703;Other
Steinernema litorale;406;54;194;116;140;6;16;13;128;57;39;6;37;35;128;15;33;40;58;8;10;10;51;6;14;28;31;0;0;0;208;40;134;46;85;8;29;11;94;35;49;43;121;27;49;44;163;28;67;52;92;12;4;4;45;20;22;52;130;12;15;35;4;5;55.39838337182448;19.543879907621246;15.415704387990761;9.64203233256351;Other
Strelkovimermis spiculatus;291;30;288;70;78;10;59;5;110;33;21;5;73;13;77;8;78;14;40;6;21;1;33;18;29;9;10;1;9;2;273;27;255;57;58;9;46;5;122;40;105;24;50;13;78;24;90;17;72;14;34;7;27;3;31;9;35;8;33;17;42;16;7;4;43.665158371040725;39.56043956043956;8.694246929541046;8.080155138978668;Other
Strongyloides papillosus;235;115;301;40;74;1;43;0;141;33;49;9;69;6;31;0;75;12;45;1;37;1;54;14;25;25;39;2;0;0;159;38;81;78;74;9;32;4;109;16;42;34;50;3;75;25;74;6;141;46;114;7;30;4;54;6;15;46;127;2;25;18;2;9;47.130606860158316;32.75065963060686;11.477572559366754;8.641160949868073;Other
Strongyloides ratti;757;3;118;276;209;0;7;1;173;1;74;0;29;33;62;0;2;2;75;1;3;1;53;2;15;21;27;0;5;0;194;2;36;83;83;0;3;0;104;1;24;50;110;1;42;14;279;2;21;8;61;0;4;3;68;2;24;36;117;3;47;26;4;4;71.81444509688785;11.274221961244862;16.38285378743394;0.5284791544333529;Other
Strongyloides stercoralis;748;26;173;133;221;1;2;1;182;9;80;1;31;30;95;0;4;1;73;1;4;0;52;3;13;24;29;0;8;0;244;4;35;67;76;2;1;1;115;2;28;47;136;3;12;2;269;8;13;4;65;0;2;0;74;2;16;39;165;1;10;2;7;5;77.13109935332157;10.552616108171664;10.46443268665491;1.8518518518518516;Other
Strongyloides venezuelensis;484;14;218;222;154;7;15;7;202;6;73;1;43;33;53;0;7;6;64;4;12;5;60;4;29;19;35;0;1;1;226;7;90;84;86;4;23;2;113;8;42;47;110;5;34;14;252;8;26;16;89;6;17;4;65;4;29;38;121;4;24;29;6;2;64.0597539543058;18.043350908025776;15.495020503807849;2.401874633860574;Other
Strongylus equinus;434;6;338;165;66;1;61;18;185;2;39;1;53;15;10;0;4;2;48;1;22;8;47;8;27;14;25;0;4;2;282;4;186;62;62;3;34;15;137;4;81;32;107;4;80;34;128;4;80;44;60;4;25;12;63;0;48;31;131;1;34;28;10;1;53.069537387256325;31.626418388129185;14.052953156822811;1.251091067791679;Other
Strongylus vulgaris;357;9;279;141;64;2;36;15;140;5;36;0;38;15;6;0;4;3;40;2;9;8;44;3;19;13;19;0;1;1;206;5;120;69;62;4;21;9;115;5;61;29;103;3;50;29;99;9;74;29;47;6;13;7;52;1;31;26;120;1;32;13;8;1;54.53232213795594;28.746840014445645;14.734561213434452;1.9862766341639582;Other
Syngamus trachea;372;8;235;219;84;7;18;13;151;11;46;4;20;44;22;2;13;8;31;9;23;9;45;5;16;21;22;1;2;4;189;8;95;76;58;4;15;7;99;8;50;43;119;4;34;46;161;10;68;51;55;4;8;15;55;8;22;43;97;16;22;56;6;3;53.17880794701987;21.42384105960265;21.788079470198678;3.609271523178808;Other
Teladorsagia circumcincta;418;10;331;173;64;5;64;15;170;16;47;2;53;20;13;1;14;3;45;13;15;6;41;13;34;8;26;1;3;1;278;2;157;53;76;4;21;11;146;17;98;14;103;15;82;22;123;17;76;64;60;12;21;11;53;8;54;20;99;7;20;43;7;1;51.52046783625731;30.701754385964914;13.596491228070176;4.181286549707602;Other
Thaumamermis cosgrovei;250;44;235;82;70;36;48;3;92;51;19;12;76;24;79;20;71;47;37;20;19;3;36;23;33;9;7;7;13;3;217;52;180;63;54;31;33;14;94;61;90;21;36;25;100;26;86;13;57;34;31;22;30;5;25;13;46;16;38;23;47;38;6;3;37.786382704098095;34.97902549209422;12.616973217166827;14.617618586640852;Other
Thelazia callipaeda;652;14;251;216;122;4;6;2;179;7;92;5;48;34;27;0;8;3;50;9;8;9;53;1;18;33;32;2;6;10;213;4;79;68;83;0;4;3;89;5;39;46;97;7;32;49;200;6;29;30;62;6;10;10;64;5;37;36;126;12;39;70;7;5;61.64699107399942;17.880794701986755;17.96717535272099;2.50503887129283;Other
Toxascaris leonina;478;7;117;323;146;4;1;12;161;11;57;2;23;55;48;1;2;17;78;0;1;6;52;3;14;30;28;0;1;3;220;4;47;133;90;1;5;6;109;5;21;73;123;1;24;49;248;10;41;64;95;3;4;3;73;4;28;48;145;7;12;37;1;9;62.82126168224299;9.988317757009346;25.350467289719624;1.8399532710280373;Other
Toxocara canis;462;17;132;310;140;8;5;12;140;20;49;8;21;57;46;0;10;23;68;7;3;7;54;2;12;32;29;1;0;2;167;20;53;124;80;13;3;17;91;19;26;72;125;3;26;52;218;20;46;93;74;25;4;18;60;15;12;66;100;26;13;65;0;7;55.481049562682216;10.670553935860058;27.900874635568513;5.947521865889213;Other
Toxocara cati;461;23;124;313;138;11;6;5;149;14;55;3;30;48;54;2;6;21;64;4;9;10;45;11;11;32;30;0;1;1;198;13;56;122;89;14;6;6;98;12;33;66;113;12;36;41;211;14;55;73;83;16;9;7;67;11;28;48;111;25;18;50;5;3;57.31778425655977;12.623906705539358;24.664723032069972;5.393586005830904;Other
Toxocara malaysiensis;461;23;117;304;139;8;5;7;148;18;53;5;26;52;48;1;9;35;65;2;7;12;50;4;15;29;28;1;0;3;187;18;50;121;82;14;5;11;98;11;26;72;116;13;24;47;220;14;48;91;80;16;6;17;64;12;20;58;112;9;21;65;1;7;56.86388807927718;11.075488195861265;27.1349460798601;4.925677645001458;Other
Trichinella britovi;74;75;108;7;26;42;60;0;24;68;12;4;71;3;37;40;145;10;15;14;66;0;13;32;29;3;1;6;27;0;80;113;179;11;36;54;130;3;37;74;65;5;16;21;64;0;13;8;52;4;15;20;45;1;15;23;46;4;20;14;70;5;6;2;19.17808219178082;51.39195757843571;2.562969509500663;26.866990720282814;Other
Trichinella murrelli;66;81;102;4;21;48;55;4;31;62;9;5;70;4;30;49;164;6;17;13;63;0;14;32;29;1;2;5;27;0;83;114;175;12;36;48;135;1;32;82;61;8;18;16;65;0;16;6;54;2;20;15;41;2;13;25;49;1;18;17;69;6;7;2;18.82456915598763;51.52452496685815;2.342023862129916;27.308882015024306;Other
Trichinella nativa;75;75;103;7;19;47;58;2;42;50;8;6;71;3;35;45;158;5;11;19;63;0;12;33;29;0;1;7;28;0;100;104;178;12;34;43;129;1;34;79;64;5;12;22;64;0;9;8;58;1;19;19;43;1;13;25;46;3;19;17;70;5;6;2;19.627824545857333;51.75011076650421;2.0824102791315906;26.53965440850687;Other
Trichinella nelsoni;57;91;96;5;27;37;56;3;25;68;7;7;73;1;34;41;169;6;14;16;65;0;16;30;31;0;5;4;27;0;86;113;172;10;27;52;137;2;33;73;66;3;12;22;68;3;15;9;58;1;15;24;44;0;15;23;48;2;21;16;70;4;6;3;18.065371024734983;52.3851590106007;1.8992932862190812;27.65017667844523;Other
Trichinella papuae;46;100;83;7;25;39;65;3;30;65;5;8;63;9;32;38;176;13;12;15;66;2;11;41;29;1;5;3;25;1;66;115;167;17;28;60;107;5;22;88;57;9;13;18;70;6;17;15;52;11;20;22;48;1;15;26;49;1;21;20;71;3;5;3;16.24007060900265;50.0;4.060017652250663;29.699911738746692;Other
Trichinella pseudospiralis;60;82;108;2;26;35;69;3;39;52;5;5;63;8;32;42;169;5;5;21;68;2;18;32;30;2;2;6;25;1;74;110;185;14;24;68;111;3;44;71;59;6;11;26;70;3;16;10;55;5;16;24;43;0;14;25;39;10;17;19;65;8;5;2;17.761128250330543;51.300132216835614;3.261348611723226;27.67739092111062;Other
Trichinella spiralis;56;91;107;4;24;42;58;2;32;60;7;7;70;3;30;48;151;8;15;17;66;0;10;35;30;1;4;4;27;0;87;113;181;12;20;56;136;2;34;79;63;4;15;19;68;1;12;11;49;3;20;20;40;1;15;23;47;3;15;20;73;4;7;2;17.491166077738516;51.81095406360424;2.208480565371025;28.489399293286223;Other
Trichinella zimbabwensis;53;87;100;5;26;36;63;4;34;60;5;10;68;5;39;44;152;11;13;14;67;2;15;33;26;2;6;3;28;2;76;105;173;15;35;60;107;4;29;85;59;7;12;20;70;5;16;18;48;5;18;27;50;1;14;29;46;5;23;18;70;5;4;3;18.197802197802197;49.714285714285715;3.5604395604395607;28.527472527472526;Other
Trichostrongylus axei;412;4;347;185;58;1;45;31;161;26;45;3;46;26;7;0;3;4;36;5;15;18;43;11;32;13;27;0;3;1;236;1;163;97;53;4;30;22;163;14;86;27;89;6;78;36;107;3;100;85;40;4;38;20;56;4;43;31;93;3;33;42;10;0;47.47445255474452;31.2992700729927;18.62773722627737;2.5985401459854014;Other
Trichostrongylus vitrinus;392;5;370;115;61;0;48;20;158;11;36;1;60;7;7;1;12;0;43;4;16;6;46;3;28;10;26;0;1;0;233;8;208;44;63;4;27;4;141;6;91;18;106;6;83;15;115;1;106;44;38;3;34;18;51;0;50;17;88;4;43;27;6;3;50.250626566416045;37.06140350877193;10.902255639097744;1.7857142857142856;Other
Trichuris discolor;142;68;138;43;79;20;34;12;60;42;14;12;53;19;65;30;70;19;49;19;23;4;29;19;26;6;6;3;23;2;133;60;122;31;44;27;33;4;61;33;58;8;19;14;50;10;40;21;35;18;36;21;37;6;30;15;42;9;30;27;50;12;6;3;36.80738786279684;35.180299032541775;9.058927000879507;18.953386103781884;Other
Trichuris muris;168;35;143;70;58;15;45;16;75;27;22;9;60;13;46;9;48;10;41;14;23;2;22;22;31;3;9;2;21;5;150;48;151;39;44;19;47;2;78;25;61;4;30;8;51;15;53;12;45;18;30;10;35;4;34;15;46;2;43;8;57;15;8;1;39.74471830985916;38.38028169014084;9.639084507042254;12.235915492957746;Other
Trichuris ovis;130;81;124;23;70;43;33;5;60;39;11;14;63;9;57;28;82;28;48;16;21;5;28;19;28;6;10;7;15;3;131;63;132;27;55;22;39;3;53;38;59;8;20;15;43;17;38;15;56;10;42;16;41;0;34;11;45;5;36;14;52;19;5;4;36.191732629727355;36.85136323658751;7.563764291996482;19.393139841688654;Other
Trichuris suis;138;57;153;42;65;18;43;5;55;38;17;11;64;6;49;28;74;24;47;20;17;5;26;22;25;7;10;6;21;1;139;49;146;30;44;24;47;5;71;32;62;5;26;12;55;5;24;15;56;12;35;20;43;2;23;15;48;7;24;24;56;10;6;3;34.94931687968268;40.37020713970912;7.448215072719259;17.23226090788894;Other
Trichuris trichiura;132;72;117;38;47;32;37;8;52;46;14;19;51;20;60;43;83;21;28;30;26;5;27;18;28;7;13;8;14;3;125;54;131;34;47;35;55;2;51;48;60;13;22;19;55;7;35;18;35;15;32;21;40;2;23;12;46;11;28;30;46;11;7;2;32.40863055922501;36.591809775429326;8.762659621312197;22.236900044033465;Other
Triodontophorus brevicauda;423;7;352;150;51;3;71;13;181;5;40;1;43;25;10;0;7;4;42;6;22;10;49;6;31;11;27;0;4;0;259;4;183;64;64;3;44;16;143;3;79;34;76;4;99;45;113;1;116;41;62;6;23;15;58;2;42;33;111;6;41;35;11;0;49.82507288629738;34.052478134110785;14.46064139941691;1.661807580174927;Other
Triodontophorus nipponicus;411;17;349;159;65;6;55;11;173;15;41;0;49;19;5;1;11;3;45;7;23;5;39;17;23;19;28;0;1;1;257;8;164;76;64;7;44;13;130;15;90;28;109;10;69;40;115;8;88;55;43;15;33;14;46;15;42;34;120;6;31;32;10;1;49.30029154518951;31.545189504373177;14.868804664723031;4.285714285714286;Other
Triodontophorus serratus;421;10;358;135;64;1;60;13;183;6;37;3;52;16;9;1;7;7;36;3;29;10;52;5;23;18;26;0;2;2;247;8;208;47;61;2;47;20;141;7;79;39;96;5;83;41;103;5;112;52;66;2;21;12;57;3;45;29;111;6;46;29;10;1;49.85422740524781;34.46064139941691;13.731778425655977;1.9533527696793003;Other
Uncinaria sanguinis;431;8;368;113;91;1;37;5;160;4;42;1;48;18;13;1;6;4;48;3;17;2;47;4;21;17;18;0;5;1;214;6;174;42;77;2;28;4;137;6;64;36;96;4;86;11;133;2;83;21;53;3;22;1;53;2;42;22;114;1;43;13;9;0;55.03505417463352;33.55640535372849;9.878903760356915;1.5296367112810707;Other
Wellcomia siamensis;643;2;299;207;98;2;11;5;171;1;77;0;49;24;11;0;1;1;54;2;4;2;52;0;18;18;35;0;0;1;257;0;84;68;48;1;3;4;119;0;49;36;123;1;53;24;242;3;47;40;51;2;2;4;68;1;40;30;125;4;50;38;1;6;63.71629542790153;20.838218053927314;14.88862837045721;0.5568581477139508;Other
Wuchereria bancrofti;618;14;180;241;149;10;9;2;216;14;97;6;33;45;30;0;7;2;66;1;7;3;48;4;22;30;45;1;2;6;195;6;61;88;82;5;2;0;93;9;21;51;121;1;19;15;265;6;28;20;73;5;3;2;81;5;22;39;173;8;25;25;7;2;67.85920369301789;12.925562608193882;16.474321984997115;2.740911713791114;Other
Xiphinema americanum;88;27;92;27;26;15;20;9;24;9;11;8;24;12;38;5;34;9;15;6;10;6;14;8;9;11;2;2;9;0;71;19;52;19;40;11;16;8;23;18;17;10;11;8;30;22;25;9;33;15;23;9;14;3;10;8;10;5;21;3;35;10;2;0;37.45762711864407;34.49152542372882;14.067796610169491;13.983050847457626;Other
Xiphinema pachtaicum;84;9;64;35;27;7;4;3;16;7;10;3;17;3;13;6;15;5;15;4;4;0;3;1;7;5;5;1;4;1;60;9;44;24;17;5;7;2;12;3;13;9;19;4;15;13;39;4;17;18;11;3;5;3;5;2;19;8;12;5;10;13;3;2;42.80442804428044;30.50430504305043;17.712177121771216;8.979089790897909;Other
Xiphinema rivesi;97;21;108;22;33;12;20;3;25;8;12;3;28;7;34;7;28;8;15;4;13;5;16;6;18;2;4;0;8;1;73;21;56;15;41;8;15;8;33;11;12;13;23;4;39;12;30;4;32;12;29;1;15;3;13;5;14;3;14;2;36;14;3;0;41.62436548223351;37.64805414551608;10.829103214890017;9.898477157360407;Other
